KBN.HHZ.AC.--,40.6236,20.7874,800.00,0.71161909,0.27013966,0.64855442,7
VLO.HHZ.AC.--,40.4686,19.4955,80.00,0.71917828,0.25461084,0.64649511,241
U15A.HHZ.AE.--,36.4280,-112.2915,2489.00,-0.30592504,-0.74623763,0.59121846,545
DUN6.HHZ.AE.--,32.5538,-109.0901,1259.00,-0.27620632,-0.79808220,0.53551365,1476
W13A.HHZ.AE.--,35.0990,-113.8854,1988.20,-0.33201624,-0.74975296,0.57239471,1133
Y14A.HHZ.AE.--,33.9383,-113.0048,730.70,-0.32490915,-0.76525974,0.55570818,303
X18A.HHZ.AE.--,34.5293,-109.9501,1751.00,-0.28170142,-0.77607064,0.56423281,509
319A.HHZ.AE.--,31.3757,-109.2809,1187.00,-0.28242864,-0.80735229,0.51808913,764
113A.HHZ.AE.--,32.7683,-113.7667,118.00,-0.33954752,-0.77107071,0.53866264,304
GRHM.BHZ.AF.--,-33.2768,26.3766,615.00,0.75050875,0.37217381,-0.54609823,42
POGA.BHZ.AF.--,-27.3460,31.7070,290.00,0.75674555,0.46750331,-0.45692103,125
Z41A.HHZ.AG.00,33.2577,-92.8030,62.00,-0.04097517,-0.83690017,0.54581969,858
WLAR.HHZ.AG.00,33.6880,-93.1120,77.00,-0.04526479,-0.83256132,0.55208038,589
CCAR.HHZ.AG.00,33.9170,-91.7720,72.00,-0.02571448,-0.83118575,0.55539986,419
HHAR.HHZ.AG.00,36.2820,-93.9400,421.00,-0.05551997,-0.80610264,0.58916557,1582
FCAR.HHZ.AG.00,35.8900,-92.1240,190.00,-0.03009518,-0.81145807,0.58363523,1495
X40A.HHZ.AG.00,34.4873,-92.8342,158.00,-0.04084375,-0.82501771,0.56362893,781
LCAR.HHZ.AG.00,36.0700,-91.1540,103.00,-0.01631686,-0.81001797,0.58617800,426
WHAR.HHZ.AG.00,35.2900,-92.2890,184.00,-0.03267368,-0.81741717,0.57511877,405
ESPZ.BHZ.AI.04,-63.3981,-56.9964,31.00,0.24522399,-0.37755990,-0.89292425,157
BELA.BHZ.AI.04,-77.8750,-34.6269,262.00,0.17395756,-0.12012586,-0.97739887,2582
SMAI.BHZ.AI.04,-68.1302,-67.1059,9.00,0.14575638,-0.34515282,-0.92715943,340
JUBA.BHZ.AI.04,-62.2373,-58.6627,16.00,0.24353771,-0.39996237,-0.88358332,215
ORCD.HHZ.AI.02,-60.7381,-44.7361,20.00,0.34900815,-0.34580785,-0.87098234,115
CHI.BHZ.AK.--,55.8218,-155.6225,203.00,-0.51404740,-0.23293888,0.82552695,50
RIDG.BHZ.AK.--,63.7399,-144.8462,871.00,-0.36371393,-0.25613299,0.89560486,8
KNK.BHZ.AK.--,61.4131,-148.4585,598.00,-0.40992283,-0.25160963,0.87673021,1525
GHO.BHZ.AK.--,61.7710,-148.9260,1032.00,-0.40724616,-0.24541461,0.87972850,885
BPAW.BHZ.AK.--,64.0997,-150.9873,619.00,-0.38408077,-0.21301075,0.89839211,549
NEA2.BHZ.AK.--,64.5928,-149.0694,447.50,-0.37006254,-0.22174638,0.90215423,1200
SSP.BHZ.AK.--,60.1790,-142.8391,474.00,-0.39832704,-0.30191846,0.86612979,248
MCAR.BHZ.AK.--,61.3836,-143.0240,447.00,-0.38461278,-0.28957401,0.87648155,688
BCP.BHZ.AK.--,59.9534,-139.6369,421.80,-0.38344431,-0.32591110,0.86414837,7509
VRDI.BHZ.AK.--,61.2275,-143.4545,1909.40,-0.38870160,-0.28810202,0.87516187,322
CAPN.BHZ.AK.--,60.7683,-151.1539,47.00,-0.42994784,-0.23681651,0.87124210,60
CCB.BHZ.AK.--,64.6453,-147.8053,233.00,-0.36437788,-0.22941392,0.90255084,2520
BARN.BHZ.AK.--,61.0595,-141.6622,1689.00,-0.38151899,-0.30171444,0.87373432,936
FYU.BHZ.AK.--,66.5657,-145.2342,137.00,-0.32856275,-0.22806633,0.91653274,1283
MESA.BHZ.AK.--,60.1785,-141.9505,1919.00,-0.39360284,-0.30806423,0.86612541,3207
CUT.BHZ.AK.--,62.4058,-150.2625,571.50,-0.40433889,-0.23098170,0.88496188,1422
ISLE.BHZ.AK.--,60.6024,-142.3406,1425.00,-0.39058993,-0.30144034,0.86981218,414
WAX.BHZ.AK.--,60.4480,-142.8529,1003.00,-0.39514294,-0.29935520,0.86847483,710
JIS.BHZ.AK.--,58.2758,-134.3848,10.00,-0.36960106,-0.37762453,0.84899633,1704
SII.BHZ.AK.--,56.5593,-154.1842,492.00,-0.49840660,-0.24110875,0.83274092,84
ANM.BHZ.AK.--,64.5646,-165.3732,338.00,-0.41786345,-0.10905402,0.90194088,79
SUCK.BHZ.AK.--,60.0720,-143.7790,467.00,-0.40453462,-0.29630234,0.86519169,90
HOM.BHZ.AK.--,59.6572,-151.6515,221.00,-0.44682546,-0.24107883,0.86152655,149
CNP.BHZ.AK.--,59.5251,-151.2373,564.00,-0.44681677,-0.24526094,0.86034984,219
SKN.BHZ.AK.--,61.9800,-151.5317,581.00,-0.41514789,-0.22510960,0.88146350,684
FIRE.BHZ.AK.--,61.1426,-150.2164,62.00,-0.42104907,-0.24097706,0.87444139,58
RC01.BHZ.AK.--,61.0889,-149.7390,381.00,-0.41973685,-0.24489130,0.87398468,395
BRLK.BHZ.AK.--,59.7511,-150.9063,409.00,-0.44241379,-0.24618065,0.86236021,1325
HMT.BHZ.AK.--,60.3351,-144.2623,629.00,-0.40377945,-0.29054803,0.86749294,489
DHY.BHZ.AK.--,63.0753,-147.3759,1611.00,-0.38342368,-0.24543697,0.89036339,580
KTH.BHZ.AK.--,63.5527,-150.9233,1172.00,-0.39135165,-0.21761513,0.89414067,802
RDOG.BHZ.AK.--,68.0541,-162.9080,421.00,-0.35930199,-0.11048081,0.92665855,1416
BWN.BHZ.AK.--,64.1732,-149.2991,356.00,-0.37664329,-0.22364242,0.89895712,6017
HDA.BHZ.AK.--,64.4095,-146.9477,427.00,-0.36402680,-0.23687447,0.90076355,692
SAW.BHZ.AK.--,61.8070,-148.3316,781.00,-0.40420602,-0.24933487,0.88002819,814
MDM.BHZ.AK.--,64.9602,-148.2319,631.00,-0.36183489,-0.22406833,0.90491375,600
WRH.BHZ.AK.--,64.4715,-148.0916,343.00,-0.36785194,-0.22904250,0.90123498,758
RND.BHZ.AK.--,63.4056,-148.8602,993.60,-0.38523530,-0.23275392,0.89298341,666
TRF.BHZ.AK.--,63.4502,-150.2893,1711.90,-0.39031405,-0.22272782,0.89333491,711
KLU.BHZ.AK.--,61.4924,-145.9227,1047.10,-0.39738018,-0.26881706,0.87739750,1187
SCM.BHZ.AK.--,61.8329,-147.3296,1039.00,-0.39944786,-0.25614965,0.88024358,1359
CAST.BHZ.AK.--,63.4188,-152.0844,611.00,-0.39753380,-0.21062192,0.89308750,669
SCRK.BHZ.AK.--,63.9761,-143.9905,1375.00,-0.35684623,-0.25935437,0.89743862,440
MLY.BHZ.AK.--,65.0304,-150.7442,812.00,-0.37033712,-0.20744800,0.90543677,429
PPD.BHZ.AK.--,65.5174,-145.5246,1505.00,-0.34354443,-0.23589443,0.90902752,338
SSN.BHZ.AK.--,61.4636,-150.7467,1306.00,-0.41896493,-0.23466333,0.87715535,499
GLB.BHZ.AK.--,61.4417,-143.8123,854.90,-0.38784019,-0.28372827,0.87697107,549
PMR.BHZ.AT.--,61.5922,-149.1308,100.00,-0.41048391,-0.24536995,0.87823490,801
SMY.BHZ.AT.--,57.0569,-135.3244,19.00,-0.38853763,-0.38416267,0.83753063,2
SIT.BHZ.AT.--,57.0569,-135.3244,19.00,-0.38853763,-0.38416267,0.83753063,138
OHAK.BHZ.AT.--,57.2225,-153.2875,77.50,-0.48590561,-0.24451790,0.83911068,205
MID.BHZ.AT.--,59.4278,-146.3388,37.00,-0.42546116,-0.28333124,0.85948020,10364
MENT.BHZ.AT.--,62.9380,-143.7194,702.00,-0.36871567,-0.27065623,0.88926597,2478
SDPT.BHZ.AT.--,55.3493,-160.4766,74.00,-0.53832843,-0.19087956,0.82083342,289
TTA.BHZ.AT.--,62.9301,-156.0116,990.00,-0.41799781,-0.18600322,0.88920224,79
SVW2.BHZ.AT.--,61.1082,-155.6217,498.80,-0.44235675,-0.20045994,0.87414891,179
CHGN.BHZ.AT.--,56.3014,-158.4142,17.00,-0.51832231,-0.20507026,0.83023380,397
YKU2.BHZ.AT.--,59.5121,-139.6710,10.10,-0.38871769,-0.32999451,0.86023379,35
CRAG.BHZ.AT.--,55.4689,-133.1230,57.90,-0.38925578,-0.41563368,0.82202712,75
SKAG.BHZ.AT.--,59.4601,-135.3290,134.00,-0.36317469,-0.35902804,0.85976916,685
MTN.BHZ.AU.--,-12.8436,131.1327,137.40,-0.64155969,0.73458694,-0.22086917,619
RABL.BHZ.AU.--,-4.1911,152.1637,274.00,-0.88195216,0.46571495,-0.07259454,1274
STKA.BHZ.AU.--,-31.8769,141.5952,272.30,-0.66670328,0.52851345,-0.52552857,190
FORT.BHZ.AU.--,-30.7790,128.0590,165.00,-0.53057266,0.67766252,-0.50918186,117
PSA00.BHZ.AU.00,-21.5725,119.8458,305.00,-0.46322717,0.80734308,-0.36553761,244
KNRA.BHZ.AU.--,-15.6769,128.7627,98.00,-0.60310115,0.75110733,-0.26852706,204
LHI.BHZ.AU.--,-31.5200,159.0613,70.70,-0.79762629,0.30520133,-0.52023500,32
FITZ.BHZ.AU.--,-18.1020,125.6390,110.00,-0.55419527,0.77297961,-0.30882054,167
GIRL.BHZ.AU.--,-22.6430,114.2340,109.00,-0.37920305,0.84242769,-0.38278013,143
WB2.BHZ.AU.--,-19.9428,134.3511,388.00,-0.65764644,0.67271400,-0.33905315,206
MANU.BHZ.AU.--,-2.0432,147.3662,138.50,-0.84160618,0.53892941,-0.03541362,2746
MCQ.BHZ.AU.--,-54.4986,158.9561,14.00,-0.54441488,0.20946003,-0.81224315,50
EIDS.BHZ.AU.--,-25.3691,151.0817,216.00,-0.79187548,0.43746881,-0.42609185,378
WR10.BHZ.AU.--,-19.9597,134.5405,353.00,-0.65979679,0.67046544,-0.33932919,737
COEN.BHZ.AU.--,-13.9563,143.1757,240.00,-0.77715008,0.58189676,-0.23965373,234
NIUE.BHZ.AU.--,-19.0763,-169.9272,105.80,-0.93118365,-0.16541302,-0.32486233,133
BBOO.BHZ.AU.--,-32.8096,136.0583,295.00,-0.60637554,0.58437883,-0.53926811,145
MORW.BHZ.AU.--,-29.0679,116.0403,293.00,-0.38431669,0.78656136,-0.48334450,121
AS31.BHZ.AU.--,-23.6660,133.9040,607.00,-0.63582027,0.66062271,-0.39913684,523
TOO.BHZ.AU.--,-37.5714,145.4906,604.00,-0.65475705,0.45016023,-0.60716470,107
ARMA.BHZ.AU.--,-30.4198,151.6280,1112.00,-0.76006215,0.41048417,-0.50379389,230
WB10.BHZ.AU.--,-19.7671,134.3928,362.00,-0.65885639,0.67297115,-0.33618164,211
KIWB.EHZ.AV.--,51.8520,-177.1528,244.00,-0.61950491,-0.03081043,0.78438791,35
CLES.BHZ.AV.--,52.8235,-169.8951,146.00,-0.59744583,-0.10647403,0.79480926,51
AMKA.BHZ.AV.--,51.3771,179.3000,116.00,-0.62671373,0.00765713,0.77921195,65
ILSW.BHZ.AV.--,59.9832,-153.1425,1318.00,-0.44855200,-0.22714522,0.86441087,244
GSTR.EHZ.AV.--,52.0932,-176.0611,536.00,-0.61550039,-0.04238045,0.78699629,117
RSO.EHZ.AV.--,60.4616,-152.7560,1921.00,-0.44055522,-0.22684248,0.86859288,1245
CBX.HHZ.BC.--,32.3131,-116.6636,1250.00,-0.37998576,-0.75671484,0.53197132,277
CPX.HHZ.BC.--,32.4195,-115.3050,192.00,-0.36151571,-0.76461968,0.53353832,559
GUVIX.HHZ.BC.--,32.3029,-115.0760,10.00,-0.35891490,-0.76703750,0.53182100,992
PIX.HHZ.BC.--,31.5629,-113.4599,77.80,-0.33983803,-0.78307224,0.52087234,242
TJX.HHZ.BC.--,32.5102,-117.0543,210.00,-0.38430484,-0.75247690,0.53487224,50
TKX.HHZ.BC.--,32.5687,-116.6075,541.00,-0.37818108,-0.75496332,0.53573263,10634
SFX.HHZ.BC.--,31.0376,-114.8510,39.00,-0.36073410,-0.77887859,0.51304878,105
CCX.HHZ.BC.--,31.8679,-116.6645,36.60,-0.38183525,-0.76036951,0.52539513,548
UABX.HHZ.BC.--,32.6316,-115.4447,44.30,-0.36253033,-0.76195236,0.53665665,322
RMX.HHZ.BC.--,32.5535,-116.0288,1278.00,-0.37059880,-0.75887178,0.53550924,609
VTX.HHZ.BC.--,31.3914,-115.7840,746.00,-0.37198812,-0.77004309,0.51832276,2013
SJX.HHZ.BC.--,32.0048,-115.9480,1616.00,-0.37174879,-0.76395692,0.52742076,1098
JCC.BHZ.BK.00,40.8175,-124.0296,27.20,-0.42473617,-0.62899727,0.65112335,86
SAO.BHZ.BK.00,36.7640,-121.4472,314.20,-0.41895482,-0.68508791,0.59592904,110
HUMO.BHZ.BK.00,42.6071,-122.9567,504.90,-0.40162999,-0.61948061,0.67449027,171
ORV.BHZ.BK.00,39.5545,-121.5004,331.70,-0.40395963,-0.65919291,0.63425651,357
MCCM.BHZ.BK.00,38.1448,-122.8802,-11.70,-0.42804803,-0.66216366,0.61507249,90
MOD.BHZ.BK.00,41.9025,-120.3029,1549.50,-0.37667179,-0.64452033,0.66536600,59
YBH.BHZ.BK.00,41.7320,-122.7104,999.30,-0.40447952,-0.62979036,0.66314434,220
CMB.BHZ.BK.00,38.0346,-120.3865,695.00,-0.39942945,-0.68117842,0.61355691,358
HOPS.BHZ.BK.00,38.9935,-123.0723,296.10,-0.42525528,-0.65302917,0.62666646,173
AQDB.HHZ.BL.--,-20.4758,-55.6997,158.00,0.52835983,-0.77453812,-0.34774502,212
TRCB.HHZ.BL.--,-22.7946,-52.6357,490.00,0.56004678,-0.73345721,-0.38521179,2074
ITAB.HHZ.BL.--,-27.2349,-52.1313,459.00,0.54656835,-0.70288979,-0.45520212,106
ITQB.HHZ.BL.--,-29.6638,-56.6275,95.00,0.47877530,-0.72685974,-0.49239124,88
PLTB.HHZ.BL.--,-31.7637,-53.6044,412.00,0.50542674,-0.68565564,-0.52385127,90
PTLB.HHZ.BR.--,-15.4487,-59.1368,72.00,0.49469109,-0.82777335,-0.26471119,253
BOAV.HHZ.BR.--,2.3953,-60.5225,114.00,0.49165754,-0.86979855,0.04151320,97
MACA.HHZ.BR.--,-3.1615,-60.6838,75.00,0.48889378,-0.87062157,-0.05478093,357
CZSB.HHZ.BR.--,-7.7299,-72.7049,196.00,0.29462748,-0.94622493,-0.13361525,1105
VILB.HHZ.BR.--,-12.9528,-60.2002,434.00,0.48448866,-0.84597173,-0.22271634,267
TBTG.HHZ.BR.--,-4.1868,-69.9090,91.00,0.34260769,-0.93667539,-0.07252018,660
ETMB.HHZ.BR.--,-9.8168,-66.2137,196.00,0.39749868,-0.90183326,-0.16938585,490
GO03.BHZ.C.--,-27.5937,-70.2347,730.00,0.30013473,-0.83524309,-0.46074735,508
GO10.BHZ.C.--,-53.1546,-71.0498,652.00,0.19557766,-0.56960660,-0.79830927,27
FAR1.BHZ.C.--,-33.3377,-70.2994,2770.00,0.28220478,-0.78814138,-0.54698594,3150
GO09.BHZ.C.--,-51.2707,-72.3381,372.00,0.19059816,-0.59859696,-0.77804500,131
LMEL.BHZ.C.--,-33.8476,-70.2075,1536.00,0.28181343,-0.78308851,-0.55439478,2065
GO05.BHZ.C.--,-35.0099,-71.9303,488.00,0.25461085,-0.78038014,-0.57112184,350
GO02.BHZ.C.--,-25.1626,-69.5904,2550.00,0.31601940,-0.84931497,-0.42284254,1217
GO04.BHZ.C.--,-30.1727,-70.7993,2076.00,0.28480239,-0.81780889,-0.50007621,501
GO08.BHZ.C.--,-48.4648,-72.5566,1000.00,0.19951769,-0.63497579,-0.74632328,99
GO07.BHZ.C.--,-43.1142,-73.6644,178.00,0.20596566,-0.70272649,-0.68099459,597
GO06.BHZ.C.--,-39.5839,-71.4720,1258.00,0.24557041,-0.73274238,-0.63465249,255
GO01.BHZ.C.--,-19.6685,-69.1942,3809.00,0.33473179,-0.88091902,-0.33456885,1616
BRIGG.HHZ.C0.00,40.5813,-104.3192,1479.00,-0.18837351,-0.73798433,0.64799271,954
AC01.BHZ.C1.--,-26.1479,-70.5987,346.00,0.29857558,-0.84778990,-0.43829774,360
VA01.BHZ.C1.--,-33.0229,-71.6374,2.00,0.26466465,-0.79734866,-0.54239076,546
LL01.BHZ.C1.--,-42.3787,-72.4125,62.00,0.22389140,-0.70632975,-0.67154368,886
LL03.BHZ.C1.--,-41.1384,-72.4034,227.00,0.22834266,-0.71997377,-0.65536051,252
AY01.BHZ.C1.--,-44.4209,-72.6480,9.00,0.21371133,-0.68396242,-0.69751192,4
MT09.BHZ.C1.--,-33.7762,-70.9887,1371.00,0.27133514,-0.78750856,-0.55336020,692
MT01.BHZ.C1.--,-33.8641,-71.2509,310.00,0.26745565,-0.78793960,-0.55463382,775
MT02.BHZ.C1.--,-33.2591,-71.1377,323.00,0.27088530,-0.79289326,-0.54584011,506
BI05.BHZ.C1.--,-36.7478,-73.1905,52.00,0.23227918,-0.76888547,-0.59570254,101
BO04.BHZ.C1.--,-33.9888,-70.6090,469.00,0.27586537,-0.78375598,-0.55643944,1001
AC02.BHZ.C1.--,-26.8355,-69.1291,3980.00,0.31833111,-0.83489890,-0.44900905,509
CO03.BHZ.C1.--,-30.8389,-70.6891,1003.00,0.28443907,-0.81173541,-0.51007846,991
BO01.BHZ.C1.--,-34.3917,-71.0848,262.50,0.26807595,-0.78230848,-0.56225326,471
VA05.BHZ.C1.--,-33.6571,-71.6143,80.00,0.26308170,-0.79151135,-0.55163195,382
MG02.BHZ.C1.--,-52.7808,-69.2242,82.00,0.21547077,-0.56795331,-0.79435596,63
TA01.BHZ.C1.--,-20.5656,-70.1807,616.00,0.31770987,-0.88154130,-0.34920678,592
LL06.BHZ.C1.--,-42.2151,-73.6283,180.00,0.20939317,-0.71275653,-0.66942709,128
VA02.BHZ.C1.--,-27.1603,-109.4345,49.00,-0.29645415,-0.84021203,-0.45404700,84
AC05.BHZ.C1.--,-28.8364,-70.2738,1287.00,0.29613463,-0.82588178,-0.47981618,747
ML02.BHZ.C1.--,-35.7626,-71.4181,237.00,0.25916893,-0.77091042,-0.58183210,2405
CO01.BHZ.C1.--,-29.9773,-70.0939,2157.00,0.29542606,-0.81583408,-0.49712995,860
AF01.BHZ.C1.--,-22.9520,-68.1788,2372.00,0.34263366,-0.85572512,-0.38773276,1189
AC06.BHZ.C1.--,-27.3571,-70.3547,380.00,0.29901951,-0.83764753,-0.45709293,713
BO02.BHZ.C1.--,-34.7924,-70.7814,886.00,0.27091691,-0.77715496,-0.56800898,750
LL02.BHZ.C1.--,-43.1906,-71.8484,368.00,0.22784899,-0.69498391,-0.68196936,338
LC02.BHZ.C1.--,-38.7919,-73.3947,64.70,0.22333019,-0.74889368,-0.62392458,82
MG04.BHZ.C1.--,-52.8572,-71.5700,82.00,0.19170795,-0.57528947,-0.79516670,68
VA06.BHZ.C1.--,-32.5612,-71.2977,80.00,0.27077697,-0.79986808,-0.53562197,550
LL04.BHZ.C1.--,-40.9097,-72.4082,247.00,0.22907020,-0.72247819,-0.65234355,1761
LL05.BHZ.C1.--,-41.4053,-73.4745,208.00,0.21397429,-0.72118397,-0.65886925,335
MT05.BHZ.C1.--,-33.3919,-70.7381,765.00,0.27599160,-0.78979152,-0.54777549,169
TA02.BHZ.C1.--,-20.2705,-70.1311,86.50,0.31907687,-0.88293724,-0.34440061,1881
LR03.BHZ.C1.--,-39.6322,-72.3457,253.20,0.23420666,-0.73589249,-0.63530268,1334
MG05.BHZ.C1.--,-51.6784,-72.5032,99.00,0.18720071,-0.59384046,-0.78250202,89
LR04.BHZ.C1.--,-39.8802,-73.4258,91.10,0.21950756,-0.73753737,-0.63863531,176
MG01.BHZ.C1.--,-54.9322,-67.6300,57.00,0.21965221,-0.53370920,-0.81664398,960
VA03.BHZ.C1.--,-32.7637,-70.5508,1053.00,0.28054956,-0.79448547,-0.53859519,3373
CO05.BHZ.C1.--,-29.9186,-71.2384,101.00,0.27923454,-0.82205206,-0.49624438,427
CO02.BHZ.C1.--,-31.2037,-71.0003,1190.00,0.27896640,-0.81019102,-0.51552716,962
AC04.BHZ.C1.--,-28.2046,-71.0739,249.00,0.28626579,-0.83487275,-0.47014827,454
AP01.BHZ.C1.--,-18.3708,-70.3419,31.00,0.31947500,-0.89431927,-0.31325511,1137
LL07.BHZ.C1.--,-42.8323,-73.4779,53.50,0.20920226,-0.70525369,-0.67738589,80
VA04.BHZ.C1.--,-33.6427,-78.8299,117.00,0.16160827,-0.81842273,-0.55142271,54
FUORN.BHZ.CH.--,46.6202,10.2635,2333.00,0.67824582,0.12281211,0.72449969,282
SENIN.BHZ.CH.--,46.3633,7.2993,2035.00,0.68690519,0.08798605,0.72140122,194
YUH2.BHZ.CI.--,32.6475,-115.9223,184.00,-0.36880365,-0.75877042,0.53689042,353
GRA.BHZ.CI.--,36.9961,-117.3662,689.00,-0.36802663,-0.71102135,0.59917029,3220
SNCC.BHZ.CI.--,33.2479,-119.5244,275.00,-0.41295917,-0.72917904,0.54567632,9
BCW.BHZ.CI.--,34.9401,-119.4131,1101.00,-0.40347038,-0.71566105,0.57012359,544
PMD.BHZ.CI.--,33.6478,-116.3777,296.00,-0.37061327,-0.74732611,0.55149749,265
LDF.BHZ.CI.--,35.1307,-115.1842,1239.00,-0.34879028,-0.74174930,0.57284668,1885
RAG.BHZ.CI.--,34.6829,-116.1514,722.00,-0.36321923,-0.73974256,0.56643864,335
SMR.BHZ.CI.--,35.3770,-120.6125,341.00,-0.41614059,-0.70330591,0.57635736,124
BLY.BHZ.CI.--,33.7503,-114.5238,201.00,-0.34583320,-0.75802886,0.55298431,266
BAR.BHZ.CI.--,32.6801,-116.6722,529.00,-0.37856597,-0.75360698,0.53736797,308
GLA.BHZ.CI.--,33.0515,-114.8271,610.00,-0.35263952,-0.76223620,0.54280876,1810
GSC.BHZ.CI.--,35.3018,-116.8057,1000.00,-0.36886934,-0.73005543,0.57528643,587
PASC.BHZ.CI.10,34.1714,-118.1852,341.00,-0.39161073,-0.73080323,0.55907752,253
ISA.BHZ.CI.--,35.6628,-118.4740,873.00,-0.38823511,-0.71581366,0.58041736,152
ELS2.BHZ.CI.--,33.6491,-117.4260,841.70,-0.38421902,-0.74040983,0.55151521,242
CCA.BHZ.CI.--,35.1525,-118.0165,710.00,-0.38491407,-0.72341573,0.57315865,820
FCC.BHZ.CN.--,58.7616,-94.0866,39.00,-0.03713998,-0.51983421,0.85345944,205
RUBB.HHZ.CN.--,54.3262,-130.2523,12.00,-0.37849516,-0.44706015,0.81048050,474
DRLN.BHZ.CN.--,49.2560,-57.5042,238.00,0.35200102,-0.55262031,0.75545091,35
OZB.BHZ.CN.--,48.9610,-125.4976,614.00,-0.38271292,-0.53659127,0.75206424,64
GRNB.HHZ.CN.--,53.8468,-129.9575,461.00,-0.38054087,-0.45419474,0.80554068,58
DIB.HHZ.CN.--,53.2025,-132.4767,68.00,-0.40624038,-0.44369569,0.79881343,46
PAPH.HHZ.CN.--,18.5225,-72.2993,218.00,0.28849002,-0.90392055,0.31575488,91
BBB.BHZ.CN.--,52.1847,-128.1133,14.00,-0.38002025,-0.48442616,0.78798217,49
SADO.BHZ.CN.--,44.7694,-79.1417,243.00,0.13418700,-0.69956482,0.70185676,132
HAL.HHZ.CN.--,44.6378,-63.5912,65.00,0.31753578,-0.63942507,0.70021898,67
DLBC.BHZ.CN.--,58.4372,-130.0272,978.00,-0.33829614,-0.40277716,0.85048591,539
SCHQ.BHZ.CN.--,54.8324,-66.8332,497.50,0.22761343,-0.53191295,0.81563518,97
CLRS.HHZ.CN.--,48.8203,-124.1309,174.00,-0.37084176,-0.54709521,0.75044202,77
HOLB.HHZ.CN.--,50.6402,-128.1331,547.00,-0.39318319,-0.50084895,0.77107542,88
TRQ.HHZ.CN.--,46.2176,-74.5513,860.00,0.18495801,-0.66926339,0.71963675,160
INK.BHZ.CN.--,68.3065,-133.5254,44.00,-0.25604868,-0.26957956,0.92831349,593
EUNU.BHZ.CN.--,80.0532,-86.4158,623.00,0.01086939,-0.17352753,0.98476904,262
GBN.HHZ.CN.--,45.4077,-61.5128,38.00,0.33599860,-0.61916227,0.70974857,115
EDM.HHZ.CN.--,53.2217,-113.3500,730.00,-0.23832757,-0.55206380,0.79901535,678
ULM.BHZ.CN.--,50.2503,-95.8750,250.90,-0.06571240,-0.63861080,0.76671906,190
RES.BHZ.CN.--,74.6892,-94.8962,19.00,-0.02267911,-0.26474671,0.96405126,273
HYT.HHZ.CN.--,60.8250,-137.5038,1416.00,-0.36127906,-0.33100719,0.87172913,531
LMN.HHZ.CN.--,45.8544,-64.8063,365.00,0.29750742,-0.63241595,0.71521983,53
JSC.HHZ.CO.00,34.2818,-81.2597,103.00,0.12582617,-0.81842348,0.56066994,2850
BIRD.HHZ.CO.00,34.6450,-80.4615,132.00,0.13662441,-0.81307859,0.56589484,323
HAW.HHZ.CO.00,33.3600,-81.6100,-173.00,0.12211668,-0.82797243,0.54731085,170
PAULI.HHZ.CO.00,34.8210,-81.8144,179.00,0.11714182,-0.81435766,0.56841833,664
HODGE.HHZ.CO.00,34.2315,-82.2586,151.00,0.11160482,-0.82097894,0.55994459,1188
CASEE.HHZ.CO.00,34.9930,-82.9317,385.00,0.10103015,-0.81479362,0.57088025,897
MTDJ.BHZ.CU.00,18.2261,-77.5345,925.00,0.20515628,-0.92804744,0.31086789,44
GTBY.BHZ.CU.00,19.9268,-75.1108,79.20,0.24175492,-0.90927151,0.33879179,27
GRTK.BHZ.CU.00,21.5115,-71.1327,12.00,0.30112367,-0.88115095,0.36455115,14
SDDR.BHZ.CU.00,18.9821,-71.2878,589.00,0.30358414,-0.89627224,0.32331522,109
GRGR.BHZ.CU.00,12.1324,-61.6540,195.00,0.46432763,-0.86069387,0.20882028,38
TGUH.BHZ.CU.00,14.0570,-87.2730,1151.00,0.04617070,-0.96933929,0.24134955,1068
BBGH.BHZ.CU.00,13.1434,-59.5588,180.00,0.49355257,-0.83985572,0.22593856,125
BCIP.BHZ.CU.00,9.1665,-79.8373,61.00,0.17422035,-0.97190590,0.15825991,449
SOR.HHZ.CW.00,22.7932,-83.0086,100.00,0.11232813,-0.91597581,0.38518919,49
CCCC.HHZ.CW.00,21.1934,-77.4173,89.60,0.20329257,-0.91077036,0.35940156,45
PB04.BHZ.CX.--,-22.3337,-70.1492,1520.00,0.31440414,-0.87086670,-0.37781110,640
PB16.BHZ.CX.--,-18.3351,-69.5077,4480.00,0.33252991,-0.88975474,-0.31266653,125
PB12.BHZ.CX.--,-18.6141,-70.3281,908.00,0.31924239,-0.89298865,-0.31726261,473
PB18.BHZ.CX.--,-17.5895,-69.4800,4155.00,0.33435004,-0.89330908,-0.30034805,1358
PB14.BHZ.CX.--,-24.6260,-70.4038,2630.00,0.30524003,-0.85739306,-0.41437381,726
PATCX.BHZ.CX.--,-20.8207,-70.1529,832.00,0.31760953,-0.87992319,-0.35335444,714
PB02.BHZ.CX.--,-21.3197,-69.8960,1015.00,0.32048631,-0.87558201,-0.36144802,1886
PB08.BHZ.CX.--,-20.1411,-69.1534,3060.00,0.33437069,-0.87808505,-0.34229066,1748
PB09.BHZ.CX.--,-21.7964,-69.2419,1530.00,0.32938939,-0.86903851,-0.36915404,1590
PB01.BHZ.CX.--,-21.0432,-69.4874,900.00,0.32732711,-0.87488955,-0.35696671,1763
PB11.BHZ.CX.--,-19.7610,-69.6558,1400.00,0.32743648,-0.88308253,-0.33608123,1107
PB06.BHZ.CX.--,-22.7058,-69.5719,1440.00,0.32230361,-0.86534813,-0.38378769,1083
PB15.BHZ.CX.--,-23.2083,-69.4709,1830.00,0.32264069,-0.86160836,-0.39183418,1919
PB07.BHZ.CX.--,-21.7267,-69.8862,1570.00,0.31975037,-0.87310634,-0.36802856,1407
PB10.BHZ.CX.--,-23.5134,-70.5541,250.00,0.30559984,-0.86558293,-0.39670510,288
FSCY.HHZ.CY.01,19.3129,-81.1835,1.70,0.14475106,-0.93326029,0.32874360,111
KHC.BHZ.CZ.--,49.1309,13.5782,700.00,0.63849591,0.15421129,0.75401715,907
ILULI.BHZ.DK.--,69.2121,-51.1048,53.50,0.22416319,-0.27785611,0.93410216,428
ANGG.BHZ.DK.--,65.6160,-37.6370,0.00,0.32876663,-0.25352278,0.90974651,570
TULEG.BHZ.DK.--,76.5374,-68.8238,40.00,0.08463794,-0.21847878,0.97216431,1097
SCO.BHZ.DK.--,70.4833,-21.9500,69.00,0.31172528,-0.12562886,0.94183053,72
NRS.BHZ.DK.--,61.1595,-45.4188,65.00,0.34034127,-0.34535340,0.87458496,954
PULU.HHZ.EC.--,0.0218,-78.5022,3114.00,0.19933029,-0.97993229,0.00037792,412
TULM.HHZ.EC.--,0.7161,-77.7869,3637.00,0.21153196,-0.97729224,0.01241397,3183
SLOR.HHZ.EC.--,-0.7298,-78.4967,3600.00,0.19940764,-0.97983495,-0.01265164,532
ARNL.HHZ.EC.--,-3.5478,-80.0670,44.00,0.17217028,-0.98314758,-0.06146735,2059
IMBA.HHZ.EC.--,0.2764,-78.1991,3404.00,0.20450908,-0.97885294,0.00479164,145
CHSH.HHZ.EC.--,-1.4938,-78.8693,4476.00,0.19298249,-0.98086046,-0.02589450,1048
FPAL.HHZ.ET.00,34.5400,-85.6110,556.00,0.06317435,-0.82308976,0.56438661,558
CPCT.HHZ.ET.00,35.4500,-84.5220,275.00,0.07794257,-0.81273547,0.57739589,621
SWET.HHZ.ET.00,35.2160,-85.9320,581.00,0.05808670,-0.81674741,0.57406411,881
INU.BHZ.G.00,35.3500,137.0290,132.00,-0.59814077,0.55720955,0.57597320,35
MPG.BHZ.G.00,5.1101,-52.6445,147.00,0.60437938,-0.79176864,0.08847594,107
FDF.BHZ.G.00,14.7350,-61.1463,467.00,0.46690646,-0.84741777,0.25274788,34
HDC.BHZ.G.00,10.0021,-84.1114,1175.70,0.10105593,-0.97980297,0.17255096,285
UNM.BHZ.G.00,19.3297,-99.1781,2280.00,-0.15062263,-0.93223342,0.32901925,141
ROCAM.BHZ.G.00,-19.7555,63.3701,52.00,0.42216732,0.84195240,-0.33599244,19
SPB.BHZ.G.00,-23.5927,-47.4270,647.00,0.62064727,-0.67558703,-0.39796874,254
ECH.BHZ.G.00,48.2163,7.1590,330.00,0.66360261,0.08334965,0.74342748,253
ATD.BHZ.G.00,11.5307,42.8466,610.00,0.71857180,0.66649197,0.19860269,145
TAM.BHZ.G.00,22.7915,5.5284,1410.00,0.91855653,0.08890616,0.38516178,144
IVI.BHZ.G.00,61.2058,-48.1712,15.00,0.32289171,-0.36076932,0.87497797,20
DZM.BHZ.G.00,-22.0716,166.4438,878.00,-0.90175034,0.21742731,-0.37359296,216
TAOE.BHZ.G.00,-8.8549,-140.1478,800.00,-0.75866994,-0.63327298,-0.15292241,25
MBO.BHZ.G.00,14.3920,-16.9555,1.00,0.92689738,-0.28259339,0.24698628,30
CLF.BHZ.G.00,48.0258,2.2600,145.00,0.67076454,0.02647166,0.74119780,205
PEL.BHZ.G.00,-33.1436,-70.6749,700.00,0.27764290,-0.79171343,-0.54415464,415
CAN.BHZ.G.00,-35.3187,148.9963,700.00,-0.70094918,0.42123395,-0.57552776,120
PPTF.BHZ.G.00,-17.5896,-149.5652,705.00,-0.82239797,-0.48316874,-0.30034904,36
COYC.BHZ.G.10,-45.5730,-72.0814,235.00,0.21610575,-0.66833399,-0.71177805,106
GSI.BHZ.GE.--,1.3039,97.5755,107.00,-0.13179885,0.99101876,0.02260248,666
BKNI.BHZ.GE.--,0.3262,101.0396,62.00,-0.19148434,0.98147938,0.00565496,3576
PABE.BHZ.GE.--,55.5052,23.9680,53.00,0.51986938,0.23111251,0.82238850,310
SMRI.BHZ.GE.--,-7.0492,110.4407,200.00,-0.34663245,0.93004537,-0.12190798,99
PSZ.BHZ.GE.--,47.9184,19.8944,938.00,0.63253133,0.22890322,0.73993745,165
MMRI.BHZ.GE.--,-8.6357,122.2376,134.00,-0.52746365,0.83638033,-0.14916446,303
ISP.BHZ.GE.10,37.8433,30.5093,1095.00,0.68207858,0.40192413,0.61092209,132
SAUI.BHZ.GE.--,-7.9826,131.2988,110.00,-0.65367533,0.74409445,-0.13795655,41
KAAM.BHZ.GE.--,0.4926,72.9949,1.00,0.29244683,0.95624365,0.00854028,12
KARP.BHZ.GE.--,35.5471,27.1611,524.00,0.72556048,0.37226430,0.57877567,320
GHAJ.BHZ.GE.--,31.3034,35.5665,-61.00,0.69628743,0.49787695,0.51701291,684
MTE.BHZ.GE.--,40.3997,-7.5442,812.00,0.75708354,-0.10026616,0.64557819,88
RGN.BHZ.GE.--,54.5477,13.3214,13.00,0.56694456,0.13424362,0.81274382,1577
MORC.BHZ.GE.--,49.7766,17.5428,735.00,0.61815554,0.19541148,0.76137907,534
TOLI2.BHZ.GE.--,1.1112,120.7817,51.00,-0.51167414,0.85896364,0.01926238,508
WLF.BHZ.GE.--,49.6646,6.1526,215.00,0.64605281,0.06964307,0.76010894,141
LHMI.BHZ.GE.--,5.2288,96.9472,3.00,-0.12045800,0.98858232,0.09052550,217
PMBI.BHZ.GE.--,-2.9024,104.6993,25.00,-0.25342498,0.96604667,-0.05029522,160
TIRR.BHZ.GE.--,44.4581,28.4128,74.00,0.62985825,0.34074496,0.69797669,13393
LODK.BHZ.GE.--,3.4219,35.3616,665.00,0.81408074,0.57771738,0.05928892,358
KIBK.BHZ.GE.--,-2.3591,38.0433,790.00,0.78688674,0.61574153,-0.04088564,672
VOI.BHZ.GE.--,-22.0260,46.7059,993.00,0.63629349,0.67535757,-0.37285753,130
FAKI.BHZ.GE.--,-2.9192,132.2489,136.00,-0.67149163,0.73928341,-0.05058697,300
TNTI.BHZ.GE.--,0.7718,127.3667,40.00,-0.60685970,0.79469635,0.01337950,1113
MNAI.BHZ.GE.--,-4.3605,102.9557,151.00,-0.22355732,0.97176043,-0.07552340,166
JAGI.BHZ.GE.--,-8.4702,114.1521,171.00,-0.40475632,0.90264114,-0.14632600,161
STU.BHZ.GE.--,48.7719,9.1950,350.00,0.65306949,0.10571569,0.74988294,350
UGM.BHZ.GE.--,-7.9125,110.5231,348.00,-0.34729133,0.92773244,-0.13675251,159
SNAA.BHZ.GE.--,-71.6707,-2.8379,845.00,0.31600602,-0.01566481,-0.94862786,192
HMDM.BHZ.GE.--,6.7731,73.1822,1.00,0.28733738,0.95063746,0.11715648,6
LUWI.BHZ.GE.--,-1.0418,122.7717,6.00,-0.54120469,0.84069694,-0.01805964,1099
BKB.BHZ.GE.--,-1.1073,116.9048,110.00,-0.45242605,0.89159533,-0.01919496,264
SOEI.BHZ.GE.--,-9.7553,124.2672,1047.00,-0.55501829,0.81462776,-0.16833391,782
CSS.BHZ.GE.--,34.9611,33.3310,396.00,0.68624656,0.45131142,0.57042411,212
DSB.BHZ.GE.--,53.2452,-6.3762,236.00,0.59726464,-0.06674276,0.79926238,47
CHIE.HHZ.GI.--,14.5599,-89.3414,960.00,0.01113065,-0.96823137,0.24980818,1357
PETF.HHZ.GI.--,16.9163,-89.8667,123.00,0.00222648,-0.95727148,0.28918223,4761
RETA.HHZ.GI.--,14.5246,-91.6949,205.00,-0.02864465,-0.96802448,0.24921496,311
HUEH.HHZ.GI.--,15.3182,-91.5025,1870.00,-0.02530152,-0.96459321,0.26252574,783
CAG.HHZ.GL.00,16.0525,-61.6634,1390.00,0.45637702,-0.84628927,0.27479900,52
ONI.HHZ.GO.00,42.5905,43.4525,810.00,0.53609499,0.50789114,0.67427647,120
GRA1.BHZ.GR.--,49.6919,11.2217,499.50,0.63701696,0.12638373,0.76041867,941
CLL.BHZ.GR.--,51.3077,13.0026,230.00,0.61161080,0.14123071,0.77845110,665
KAN09.HHZ.GS.01,37.1361,-97.6183,371.00,-0.10594695,-0.79210338,0.60112185,5767
KAN12.HHZ.GS.01,37.2974,-97.9980,425.50,-0.11095819,-0.78970853,0.60336450,1920
KAN17.HHZ.GS.01,37.0441,-97.7648,355.00,-0.10810108,-0.79278423,0.59983941,1906
OK033.HHZ.GS.00,36.0444,-96.9382,258.00,-0.09790056,-0.80450897,0.58581636,616
OK035.HHZ.GS.00,36.7082,-98.7097,485.00,-0.12169016,-0.79434929,0.59514764,593
KAN08.HHZ.GS.01,37.2267,-97.9709,375.00,-0.11068822,-0.79049583,0.60238232,2393
OK029.HHZ.GS.00,35.7966,-97.4549,333.00,-0.10547813,-0.80609289,0.58231316,1242
KS21.HNZ.GS.20,37.2865,-97.6630,414.00,-0.10635455,-0.79045721,0.60321315,4394
KAN01.HHZ.GS.01,37.1534,-97.7590,360.00,-0.10786664,-0.79166148,0.60136253,1022
OK052.HHZ.GS.00,35.9936,-96.8028,259.00,-0.09606010,-0.80525210,0.58509958,1261
KAN14.HHZ.GS.01,36.9568,-97.9630,363.00,-0.11097000,-0.79330742,0.59862259,2486
KAN05.HHZ.GS.01,37.1086,-97.8723,348.00,-0.10949625,-0.79191097,0.60073920,4118
OK032.HHZ.GS.00,36.8038,-98.2104,345.00,-0.11462172,-0.79439720,0.59648550,3927
KAN06.HHZ.GS.01,37.2480,-97.8586,393.00,-0.10910744,-0.79049008,0.60267820,3345
OK038.HHZ.GS.00,36.4782,-98.7422,443.00,-0.12250242,-0.79663016,0.59192360,3474
KAN13.HHZ.GS.01,37.0129,-97.4778,340.00,-0.10417174,-0.79363870,0.59940459,2391
KAN10.HHZ.GS.01,37.1235,-98.0951,417.00,-0.11255367,-0.79132521,0.60094600,702
OK031.HHZ.GS.00,35.9531,-96.8391,290.00,-0.09661985,-0.80560081,0.58452711,2529
OK048.HHZ.GS.00,36.4162,-96.9437,297.00,-0.09751761,-0.80071638,0.59105296,987
VNDA.BHZ.GT.00,-77.5172,161.8528,51.00,-0.20671929,0.06775474,-0.97605145,826
LBTB.BHZ.GT.00,-25.0151,25.5967,1028.00,0.81824117,0.39197666,-0.42051835,242
LPAZ.BHZ.GT.00,-16.2879,-68.1307,4717.00,0.35772925,-0.89125863,-0.27872539,707
DBIC.BHZ.GT.00,6.6702,-4.8566,25.00,0.98975483,-0.08409605,0.11538300,163
PLCA.BHZ.GT.00,-40.7328,-70.5508,950.00,0.25303506,-0.71656862,-0.65000206,141
BOSA.BHZ.GT.00,-28.6141,25.2555,1180.00,0.79517644,0.37512338,-0.47642092,250
BDFB.BHZ.GT.--,-15.6418,-48.0148,1095.00,0.64447960,-0.71613853,-0.26793963,174
CPUP.BHZ.GT.00,-26.3307,-57.3310,132.30,0.48442148,-0.75546133,-0.44115078,147
HKPS.BHZ.HK.00,22.2776,114.1415,196.30,-0.37882854,0.84523880,0.37690888,45
RDO.HHZ.HL.--,41.1450,25.5355,116.00,0.68146717,0.32556205,0.65544782,496
ITM.HHZ.HL.--,37.1787,21.9252,423.00,0.74094196,0.29823567,0.60171463,236
KEK.HHZ.HL.--,39.7127,19.7962,227.00,0.72578518,0.26124480,0.63638591,10
ARG.HHZ.HL.--,36.2136,28.1212,148.00,0.71324729,0.38117812,0.58820195,454
LIT.HHZ.HT.--,40.1003,22.4890,568.00,0.70872129,0.29340257,0.64158325,181
ALN.HHZ.HT.--,40.8957,26.0497,110.00,0.68107183,0.33291256,0.65215825,108
FNA.HHZ.HT.--,40.7818,21.3835,750.00,0.70710168,0.27687524,0.65065146,687
HLPD.HHZ.HV.--,19.2963,-155.3075,724.00,-0.85815013,-0.39456920,0.32847146,950
NPOC.HHZ.HV.--,19.3930,-155.1096,788.00,-0.85628085,-0.39729788,0.33005681,2203
PAUD.HHZ.HV.--,19.3738,-155.2155,994.00,-0.85711336,-0.39576072,0.32974254,1188
MLOD.HHZ.HV.--,19.4932,-155.3860,2044.00,-0.85766424,-0.39292245,0.33169867,801
JCUZ.HHZ.HV.--,19.3840,-155.1016,806.00,-0.85627151,-0.39743934,0.32991070,2196
MOKD.HHZ.HV.--,19.4851,-155.5971,4102.00,-0.85914840,-0.38977884,0.33156670,638
NPT.HHZ.HV.--,19.4120,-155.2809,1128.00,-0.85736563,-0.39469006,0.33036938,1013
HSSD.HHZ.HV.--,19.6027,-155.4830,2465.00,-0.85775271,-0.39120779,0.33349175,966
SDH.HHZ.HV.--,19.3900,-155.2940,1115.00,-0.85757040,-0.39454721,0.33000835,948
KKO.HHZ.HV.--,19.3982,-155.2660,1140.00,-0.85733485,-0.39494594,0.33014338,975
STCD.HHZ.HV.--,19.3849,-155.1254,769.00,-0.85643265,-0.39708088,0.32992406,1703
BYL.HHZ.HV.--,19.4121,-155.2599,1079.00,-0.85722032,-0.39500482,0.33037026,1032
HUAD.HHZ.HV.--,19.6847,-155.8357,2204.00,-0.85971066,-0.38572566,0.33483324,690
UWB.HHZ.HV.--,19.4248,-155.2776,1084.00,-0.85727630,-0.39470950,0.33057792,1021
HAT.HHZ.HV.--,19.4230,-155.2609,1097.00,-0.85717059,-0.39496262,0.33054969,909
RIMD.HHZ.HV.--,19.3954,-155.2736,1145.00,-0.85740227,-0.39483894,0.33009628,1046
SBL.HHZ.HV.--,19.4271,-155.2677,1081.00,-0.85719600,-0.39485205,0.33061591,957
OBL.HHZ.HV.--,19.4177,-155.2841,1119.00,-0.85735817,-0.39462905,0.33046162,1080
RSDD.EHZ.HV.--,19.4602,-155.2753,1296.00,-0.85707602,-0.39465812,0.33115808,1057
UWE.HHZ.HV.--,19.4210,-155.2912,1231.00,-0.85738957,-0.39451539,0.33051585,849
BJT.HHZ.IC.10,40.0183,116.1679,137.00,-0.33867704,0.68925714,0.64048611,280
HIA.HHZ.IC.10,49.2704,119.7414,620.00,-0.32494398,0.56873219,0.75561571,284
QIZ.HHZ.IC.10,19.0291,109.8445,240.00,-0.32114650,0.88984964,0.32408724,195
LSA.BHZ.IC.00,29.7031,91.1270,3645.00,-0.01711241,0.86986890,0.49298607,480
ENH.BHZ.IC.00,30.2762,109.4944,500.00,-0.28868982,0.81548821,0.50163450,555
MDJ.BHZ.IC.00,44.6170,129.5908,220.00,-0.45514854,0.55035998,0.69995978,144
ECRI.EHZ.IE.--,43.0540,-111.3710,2086.00,-0.26711040,-0.68260219,0.68022517,472
KURK.BHZ.II.10,50.7154,78.6202,159.00,0.12543697,0.62323198,0.77191157,808
RAYN.BHZ.II.10,23.5225,45.5032,629.00,0.64331655,0.65471681,0.39684974,318
KAPI.BHZ.II.10,-5.0142,119.7517,293.00,-0.49436848,0.86490588,-0.08681947,576
BORG.BHZ.II.10,64.7474,-21.3268,105.00,0.39959225,-0.15600987,0.90331997,43
PFO.BHZ.II.10,33.6092,-116.4553,1280.00,-0.37179044,-0.74715544,0.55093613,714
ERM.BHZ.II.10,42.0150,143.1572,40.00,-0.59637934,0.44684395,0.66682994,123
AAK.BHZ.II.10,42.6375,74.4942,1603.10,0.19727412,0.71106797,0.67488167,799
JTS.BHZ.II.10,10.2908,-84.9525,340.00,0.08658481,-0.98030786,0.17748116,368
KDAK.BHZ.II.10,57.7828,-152.5835,146.50,-0.47553674,-0.24666860,0.84440477,140
WRAB.BHZ.II.10,-19.9336,134.3600,366.00,-0.65778878,0.67265055,-0.33890287,2277
SACV.BHZ.II.10,14.9702,-23.6085,380.00,0.88560032,-0.38706573,0.25669476,53
UOSS.BHZ.II.10,24.9453,56.2042,284.40,0.50494621,0.75439926,0.41941755,377
MSEY.BHZ.II.10,-4.6737,55.4792,469.00,0.56484615,0.82121742,-0.08093683,24
MBAR.BHZ.II.10,-0.6019,30.7382,1383.00,0.85946490,0.51108826,-0.01043433,984
DGAR.BHZ.II.10,-7.4121,72.4525,-1.00,0.29901038,0.94560555,-0.12815201,14
BRVK.BHZ.II.10,53.0581,70.2828,315.00,0.20363923,0.56820478,0.79729191,509
ABPO.BHZ.II.10,-19.0180,47.2290,1522.70,0.64246094,0.69449949,-0.32390493,393
PALK.BHZ.II.10,7.2728,80.7022,459.00,0.16028329,0.97902741,0.12575613,46
SHEL.BHZ.II.10,-15.9588,-5.7457,531.20,0.95711423,-0.09630378,-0.27323604,95
RPN.BHZ.II.10,-27.1267,-109.3344,110.00,-0.29507354,-0.84097879,-0.45352649,7
NNA.BHZ.II.10,-11.9875,-76.8422,535.00,0.22273411,-0.95278771,-0.20636159,152
NIL.BHZ.II.10,33.6506,73.2686,629.00,0.24013964,0.79883629,0.55153743,450
SUR.BHZ.II.10,-32.3797,20.8117,1770.00,0.79093692,0.30063358,-0.53295237,60
TAU.BHZ.II.10,-42.9099,147.3204,132.00,-0.61840837,0.39670026,-0.67838042,40
LVZ.BHZ.II.00,67.8979,34.6514,430.00,0.31131584,0.21517486,0.92562531,1105
BFO.BHZ.II.00,48.3301,8.3296,589.00,0.66029803,0.09667547,0.74475524,448
ESK.BHZ.II.10,55.3167,-3.2050,242.00,0.57074161,-0.03195937,0.82050753,47
FFC.BHZ.II.10,54.7250,-101.9783,338.00,-0.12039421,-0.56746696,0.81454680,207
OBN.BHZ.II.00,55.1146,36.5674,130.00,0.46144003,0.34228842,0.81848136,318
COCO.BHZ.II.10,-12.1901,96.8349,-3.80,-0.11636019,0.97079591,-0.20979899,461
MSVF.BHZ.II.10,-17.7448,178.0528,801.10,-0.95246650,0.03238209,-0.30291743,600
KIV.BHZ.II.00,43.9562,42.6888,1210.00,0.53085531,0.48966708,0.69167824,327
EFI.BHZ.II.10,-51.6753,-58.0637,106.80,0.32938837,-0.52843798,-0.78246828,24
ASCN.BHZ.II.10,-7.9327,-14.3601,173.00,0.95960842,-0.24567338,-0.13709949,10
HOPE.BHZ.II.10,-54.2836,-36.4879,20.00,0.47143067,-0.34868630,-0.81004382,330
ARU.BHZ.II.00,56.4302,58.5625,250.00,0.28975339,0.47399438,0.83148800,390
NVAR.SHZ.IM.F0,38.4296,-118.3036,2041.60,-0.37239620,-0.69151070,0.61897820,515
GYA0B.BHZ.IM.--,37.9295,58.1171,610.00,0.41767418,0.67146720,0.61211117,208
ROSC.BHZ.IM.--,4.8449,-74.3212,2987.00,0.26929147,-0.95939766,0.08389416,273
TKL.BHZ.IM.--,35.6580,-83.7740,351.00,0.08831854,-0.80956421,0.58034957,733
AKBB.BHZ.IM.--,50.7012,29.2242,160.00,0.55497880,0.31047486,0.77175378,306
GERES.SHZ.IM.F0,48.8451,13.7016,1137.00,0.64181178,0.15647584,0.75072828,627
IL31.BHZ.IM.--,64.7714,-146.8866,419.00,-0.35898091,-0.23413637,0.90350034,726
NBO00.BHZ.IM.--,61.0307,10.7777,529.00,0.47825629,0.09103937,0.87348884,99
ZALV.SHZ.IM.F0,53.9481,84.8188,229.40,0.05338088,0.58869719,0.80658918,568
TORD.BHZ.IM.F0,13.1477,1.6947,214.30,0.97369862,0.02880855,0.22601122,592
ARCES.BHZ.IM.F0,69.5349,25.5058,403.00,0.31743421,0.15144780,0.93610848,58
TOA0.BHZ.IM.--,13.1477,1.6947,214.30,0.97369862,0.02880855,0.22601122,150
TX31.BHZ.IM.--,29.3342,-103.6678,1025.00,-0.20632609,-0.84845561,0.48739371,1084
YKA.SHZ.IM.F0,62.4932,-114.6053,197.00,-0.19332147,-0.42214754,0.88567391,306
BDK.BHZ.IM.--,37.1256,70.5761,1920.00,0.26580010,0.75377698,0.60097468,2196
ASAR.SHZ.IM.F0,-23.6664,133.9040,607.00,-0.63581835,0.66062071,-0.39914321,270
GEC2A.HHZ.IM.--,48.8451,13.7016,1132.00,0.64181178,0.15647584,0.75072828,803
BMAR.SHZ.IM.F0,67.4291,-144.5806,767.00,-0.31459478,-0.22373123,0.92248277,337
FIA1.BHZ.IM.--,61.4445,26.0793,138.00,0.43157874,0.21123493,0.87699464,275
FINES.SHZ.IM.F0,61.4436,26.0771,150.00,0.43159927,0.21122444,0.87698706,154
BR131.BHZ.IM.--,39.7253,33.6390,1414.80,0.64208406,0.42722990,0.63655532,629
USRK.SHZ.IM.F0,44.1998,131.9888,170.00,-0.48117387,0.53460784,0.69474179,313
NC3.BHZ.IM.F0,61.2617,11.4141,366.00,0.47374730,0.09564554,0.87545155,88
NC303.BHZ.IM.--,61.2251,11.3690,401.00,0.47437258,0.09538322,0.87514153,116
BURAR.SHZ.IM.F0,47.6148,25.2168,1150.00,0.61211196,0.28825728,0.73636044,251
BRTR.SHZ.IM.F0,39.7250,33.6390,1440.00,0.64208684,0.42723174,0.63655128,347
AKASG.BHZ.IM.F0,50.7012,29.2242,160.00,0.55497880,0.31047486,0.77175378,487
IMAR.SHZ.IM.F0,65.9835,-153.7491,372.00,-0.36708205,-0.18103200,0.91240242,253
NAO01.BHZ.IM.--,60.8442,10.8865,426.00,0.48088199,0.09248577,0.87189386,109
BCAR.SHZ.IM.F0,63.0656,-141.7851,846.90,-0.35780742,-0.28171738,0.89028600,334
ILAR.SHZ.IM.F0,64.7714,-146.8866,419.00,-0.35898091,-0.23413637,0.90350034,340
GEYT.BHZ.IM.F0,37.9295,58.1171,610.00,0.41767399,0.67146794,0.61211048,1441
USA0B.BHZ.IM.--,44.1999,131.9887,170.00,-0.48117213,0.53460778,0.69474305,1254
MJB9B.HHZ.IM.--,36.5458,138.2039,454.50,-0.60036585,0.53671550,0.59287209,661
PDAR.SHZ.IM.F0,42.7667,-109.5579,2214.40,-0.24651777,-0.69391537,0.67654301,533
KEST.BHZ.IM.--,35.7318,9.3460,885.00,0.80282062,0.13212883,0.58139576,227
ESDC.BHZ.IM.F0,39.6743,-3.9631,753.00,0.76995109,-0.05334195,0.63586944,218
ZAA0B.BHZ.IM.--,53.9481,84.8188,229.40,0.05338088,0.58869719,0.80658918,789
PD31.BHZ.IM.--,42.7672,-109.5581,2219.00,-0.24651822,-0.69390895,0.67654943,844
HRA.BHZ.IM.--,34.3868,62.2438,1920.00,0.38514881,0.73185405,0.56218329,535
CMAR.SHZ.IM.F0,18.4575,98.9429,307.00,-0.14755266,0.93765781,0.31468405,1159
PEA0B.BHZ.IM.--,53.1082,157.6989,380.00,-0.55780012,0.22878301,0.79782038,143
TXAR.SHZ.IM.F0,29.3338,-103.6670,1013.00,-0.20631504,-0.84846178,0.48738764,287
NC204.BHZ.IM.--,61.2759,10.7629,851.00,0.47458981,0.09021440,0.87557174,81
CM31.BHZ.IM.--,18.4575,98.9429,306.60,-0.14755266,0.93765781,0.31468405,1256
NRIK.BHZ.IM.--,69.3396,87.5550,215.00,0.01514062,0.35459364,0.93489791,69
SONM.SHZ.IM.F0,47.8347,106.3950,1415.80,-0.19017302,0.64636072,0.73895334,256
KS31.BHZ.IM.--,37.5019,127.8669,276.00,-0.48818491,0.62784908,0.60620212,891
MKAR.SHZ.IM.F0,46.7937,82.2903,615.40,0.09217416,0.68086667,0.72658414,431
ESBB.BHZ.IM.--,39.6755,-3.9617,724.00,0.76993913,-0.05332222,0.63588559,88
WRA.BHZ.IM.F0,-19.9426,134.3390,419.00,-0.65750518,0.67285371,-0.33904989,202
KK31.BHZ.IM.--,43.1034,70.5115,519.60,0.24434767,0.69045541,0.68085648,776
NV31.BHZ.IM.--,38.4328,-118.1554,1509.00,-0.37059002,-0.69244119,0.61902200,564
SPITS.HHZ.IM.F0,78.1777,16.3700,323.00,0.19784575,0.05811662,0.97850882,87
BR231.BHZ.IM.--,39.8417,32.7760,1196.10,0.64735871,0.41681054,0.63811886,1171
MK31.BHZ.IM.--,46.7937,82.2906,618.00,0.09217060,0.68086715,0.72658414,920
KSAR.SHZ.IM.F0,37.4421,127.8844,109.00,-0.48876422,0.62819808,0.60537320,268
NC602.BHZ.IM.--,60.7353,11.5414,305.00,0.48142198,0.09830872,0.87095825,102
NC405.BHZ.IM.--,61.1128,11.7153,496.00,0.47547210,0.09859796,0.87418804,123
NB201.BHZ.IM.--,61.0495,11.2939,613.00,0.47713459,0.09528807,0.87364911,90
SPB2.HHZ.IM.--,78.1742,16.3846,200.00,0.19788864,0.05818400,0.97849615,70
PBA.HHZ.IN.--,11.6557,92.7439,79.00,-0.04689777,0.97852396,0.20072733,102
MNC.HHZ.IN.--,8.2815,73.0598,2.00,0.28837518,0.94676577,0.14308851,67
SHL.HHZ.IN.--,25.5668,91.8560,2.00,-0.02925207,0.90273665,0.42919792,2059
XMAS.BHZ.IU.10,2.0448,-157.4457,19.00,-0.92293625,-0.38331787,0.03544134,115
RAR.BHZ.IU.10,-21.2125,-159.7733,28.00,-0.87552358,-0.32259326,-0.35971108,77
BBSR.BHZ.IU.10,32.3713,-64.6963,30.00,0.36168953,-0.76503222,0.53282866,477
CASY.BHZ.IU.10,-66.2792,110.5354,5.00,-0.14191351,0.37885119,-0.91451207,1278
CTAO.BHZ.IU.10,-20.0882,146.2545,320.00,-0.78154615,0.52212366,-0.34142714,249
TARA.BHZ.IU.10,1.3549,172.9229,19.00,-0.99210752,0.12317087,0.02348638,571
KBS.BHZ.IU.10,78.9154,11.9385,87.00,0.18932533,0.04002999,0.98109812,142
PAYG.BHZ.IU.10,-0.6742,-90.2861,260.00,-0.00499303,-0.99991923,-0.01168764,51
ADK.BHZ.IU.10,51.8823,-176.6842,130.00,-0.61881735,-0.03585200,0.78471634,20
DWPF.BHZ.IU.10,28.1103,-81.4327,30.00,0.13159461,-0.87350027,0.46870048,334
SFJD.BHZ.IU.10,66.9961,-50.6208,329.00,0.24935899,-0.30379896,0.91952503,166
TUC.BHZ.IU.10,32.3098,-110.7847,909.00,-0.30049067,-0.79168404,0.53192269,546
RSSD.BHZ.IU.10,44.1212,-104.0359,2087.00,-0.17467274,-0.69870875,0.69375466,636
RAO.BHZ.IU.10,-29.2450,-177.9290,59.50,-0.87336654,-0.03158226,-0.48603852,189
SLBS.BHZ.IU.10,23.6858,-109.9443,825.00,-0.31271072,-0.86177139,0.39945223,3711
TIXI.BHZ.IU.00,71.6341,128.8667,40.00,-0.19892290,0.24682125,0.94842446,1850
INCN.BHZ.IU.10,37.4776,126.6239,79.00,-0.47460333,0.63849733,0.60586536,121
POHA.BHZ.IU.10,19.7573,-155.5326,1989.00,-0.85727308,-0.39009293,0.33602138,598
YAK.BHZ.IU.00,62.0310,129.6805,96.00,-0.30103282,0.36284698,0.88188509,836
FURI.BHZ.IU.10,8.8952,38.6798,2565.00,0.77138536,0.61754982,0.15361267,310
SDV.BHZ.IU.10,8.8839,-70.6340,1589.00,0.32767560,-0.93225066,0.15341903,190
WAKE.BHZ.IU.10,19.2834,166.6520,18.00,-0.91906991,0.21807206,0.32826069,716
KIP.BHZ.IU.10,21.4200,-158.0112,77.00,-0.86398237,-0.34887509,0.36307111,48
LVC.BHZ.IU.10,-22.6127,-68.9111,2930.00,0.33248472,-0.86215157,-0.38229384,1154
GNI.BHZ.IU.10,40.1480,44.7410,1509.00,0.54445579,0.53955559,0.64222088,232
RCBR.BHZ.IU.10,-5.8274,-35.9014,363.00,0.80589698,-0.58340213,-0.10085642,81
WCI.BHZ.IU.10,38.2289,-86.2939,78.00,0.05090726,-0.78592113,0.61622758,700
PAB.BHZ.IU.10,39.5446,-4.3499,950.00,0.77100490,-0.05864747,0.63412295,114
MIDW.BHZ.IU.00,28.2156,-177.3698,-73.60,-0.88156781,-0.04049739,0.47031707,49
COLA.BHZ.IU.10,64.8736,-147.8616,200.00,-0.36154195,-0.22713264,0.90426665,1691
DAV.BHZ.IU.10,7.0697,125.5791,149.00,-0.57746142,0.80721150,0.12226165,437
MACI.BHZ.IU.--,28.2502,-16.5082,1674.00,0.84584870,-0.25068347,0.47084792,7
COR.BHZ.IU.10,44.5855,-123.3046,110.00,-0.39236150,-0.59720880,0.69956708,129
QSPA.BHZ.IU.10,-89.9289,144.4382,2596.00,-0.00101631,0.00072659,-0.99999922,272
MBWA.BHZ.IU.10,-21.1590,119.7313,181.00,-0.46290275,0.81052577,-0.35884401,252
FUNA.BHZ.IU.10,-8.5259,179.1966,19.00,-0.98899739,0.01386861,-0.14728144,51
HKT.BHZ.IU.10,29.9618,-95.8384,-863.00,-0.08827629,-0.86330855,0.49689600,618
KBL.BHZ.IU.--,34.5408,69.0432,1913.00,0.29525257,0.77089603,0.56439811,479
MAJO.BHZ.IU.10,36.5457,138.2041,405.00,-0.60036835,0.53671472,0.59287027,676
SNZO.BHZ.IU.10,-41.3087,174.7043,120.00,-0.75015110,0.06953263,-0.65760060,130
TSUM.BHZ.IU.10,-19.2022,17.5838,1260.00,0.90089264,0.28549965,-0.32692875,153
ANMO.BHZ.IU.10,34.9459,-106.4572,1760.70,-0.23273051,-0.78784569,0.57020670,358
WVT.BHZ.IU.10,36.1297,-87.8300,170.00,0.03065413,-0.80899179,0.58702011,836
BILL.BHZ.IU.00,68.0653,166.4531,320.00,-0.36526897,0.08800961,0.92673237,733
GUMO.BHZ.IU.10,13.5893,144.8684,170.00,-0.79523137,0.55955345,0.23346733,165
TATO.BHZ.IU.10,24.9735,121.4971,159.70,-0.47417415,0.77386980,0.41986236,130
GRFO.HHZ.IU.--,49.6909,11.2203,384.00,0.63703297,0.12637049,0.76040745,812
KONO.BHZ.IU.10,59.6491,9.5982,216.00,0.50072567,0.08467523,0.86145453,70
MA2.BHZ.IU.00,59.5756,150.7700,337.00,-0.44413751,0.24852534,0.86080022,92
AFI.BHZ.IU.10,-13.9093,-171.7773,705.00,-0.96107075,-0.13888111,-0.23886199,136
PMSA.BHZ.IU.10,-64.7744,-64.0489,40.00,0.18753071,-0.38532927,-0.90352288,719
HRV.BHZ.IU.10,42.5064,-71.5583,200.00,0.23392276,-0.70149275,0.67319244,148
LCO.BHZ.IU.10,-29.0110,-70.7005,2274.00,0.28949302,-0.82668542,-0.48247799,622
PMG.BHZ.IU.10,-9.4047,147.1597,90.00,-0.82904058,0.53510587,-0.16233735,106
TRQA.BHZ.IU.10,-38.0568,-61.9787,506.50,0.37086584,-0.69687210,-0.61386301,120
YSS.BHZ.IU.00,46.9587,142.7604,148.00,-0.54532179,0.41451612,0.72856059,181
MAKZ.BHZ.IU.00,46.8080,81.9770,590.00,0.09587050,0.68017281,0.72675566,993
JOHN.BHZ.IU.10,16.7329,-169.5292,-5.50,-0.94223356,-0.17413602,0.28613381,19
SSPA.BHZ.IU.10,40.6358,-77.8876,268.00,0.15968712,-0.74408815,0.64871631,353
ANTO.BHZ.IU.10,39.8680,32.7934,1090.00,0.64698610,0.41684862,0.63847178,292
PET.BHZ.IU.00,53.0233,158.6499,105.00,-0.56262296,0.21992447,0.79692448,245
SBA.BHZ.IU.10,-77.8492,166.7572,48.00,-0.20621294,0.04852935,-0.97730298,985
KEV.BHZ.IU.00,69.7565,27.0035,85.00,0.31012272,0.15803928,0.93746866,72
NWAO.BHZ.IU.10,-32.9277,117.2390,378.00,-0.38493935,0.74775858,-0.54099796,317
OSSC.HHZ.IV.--,43.5236,11.2458,449.00,0.71343964,0.14185747,0.68620721,507
SCTE.HHZ.IV.--,40.0724,18.4675,150.00,0.72784873,0.24307578,0.64121010,72
PRMA.HHZ.IV.--,44.7637,10.3131,78.00,0.70087817,0.12753682,0.70178640,182
CTI.HHZ.IV.--,46.0482,11.6497,1180.00,0.68212905,0.14063772,0.71757996,302
MSSA.BHZ.IV.--,44.3162,9.5174,930.00,0.70796519,0.11869365,0.69620192,106
INTR.HHZ.IV.--,42.0115,13.9046,924.00,0.72341224,0.17908807,0.66678497,177
SGRT.BHZ.IV.--,41.7546,15.7437,960.00,0.72016077,0.20302086,0.66343877,208
ZCCA.BHZ.IV.--,44.3509,10.9765,700.00,0.70430049,0.13660239,0.69663521,464
STAL.HHZ.IV.--,46.2601,12.7104,625.00,0.67681436,0.15265580,0.72015174,3984
RAFF.HHZ.IV.--,37.2225,14.3624,310.00,0.77330355,0.19800976,0.60232363,91
CAMP.HHZ.IV.--,42.5358,13.4090,1283.00,0.71897338,0.17140297,0.67357130,550
GUMA.BHZ.IV.--,43.0627,13.3352,574.00,0.71313905,0.16904160,0.68033641,1372
CASP.BHZ.IV.--,42.7908,10.8652,390.00,0.72292252,0.13875762,0.67685253,90
NRCA.BHZ.IV.--,42.8336,13.1143,927.00,0.71642850,0.16690624,0.67740129,2388
FDMO.BHZ.IV.--,43.0365,13.0873,550.00,0.71416656,0.16602490,0.68000136,3502
CESX.BHZ.IV.--,42.6085,12.5868,430.00,0.72052476,0.16088155,0.67450812,371
TEOL.BHZ.IV.--,45.3617,11.6739,370.00,0.69044177,0.14265550,0.70918232,474
PAOL.HHZ.IV.--,41.0312,14.5675,715.00,0.73221866,0.19028503,0.65394758,246
SALO.BHZ.IV.--,45.6183,10.5243,600.00,0.69003458,0.12819308,0.71233336,25
FLWY.BHZ.IW.00,44.0827,-110.6993,2078.00,-0.25473306,-0.67415640,0.69327067,630
MFID.BHZ.IW.00,43.4151,-115.8278,1302.00,-0.31747273,-0.65591151,0.68482929,1118
PHWY.BHZ.IW.00,41.3016,-105.4577,2645.00,-0.20081419,-0.72619404,0.65750732,2591
IMW.BHZ.IW.00,43.8930,-110.9434,2552.00,-0.25842194,-0.67520401,0.69088179,878
TPAW.BHZ.IW.00,43.4896,-110.9567,2680.00,-0.26031159,-0.67966792,0.68577649,501
MOOW.BHZ.IW.00,43.7486,-110.7448,2128.00,-0.25669550,-0.67772185,0.68905770,548
SNOW.BHZ.IW.00,43.4599,-110.7541,2413.00,-0.25803190,-0.68091721,0.68539863,825
FXWY.BHZ.IW.00,43.6381,-111.0268,2254.00,-0.26050419,-0.67768898,0.68765922,634
PLID.BHZ.IW.00,45.0876,-116.0002,2164.40,-0.31054920,-0.63671316,0.70580135,248
LOHW.BHZ.IW.00,43.6124,-110.6038,2121.00,-0.25560241,-0.67988228,0.68733361,529
SMCO.BHZ.IW.00,39.1776,-106.9739,3435.00,-0.22691393,-0.74341305,0.62916382,3046
RWWY.BHZ.IW.00,41.6889,-107.2102,2402.00,-0.22160981,-0.71545473,0.66258103,1081
REDW.BHZ.IW.00,43.3624,-110.8518,2192.00,-0.25960748,-0.68156467,0.68415901,505
JHJ2.BHZ.JP.--,33.1153,139.8138,70.00,-0.64114852,0.54154786,0.54374120,52
JNU.BHZ.JP.--,33.1250,130.8767,540.00,-0.54917506,0.63450623,0.54388289,279
JEM.BHZ.JP.--,44.1188,142.5930,220.00,-0.57211611,0.43752656,0.69372449,113
JKA.BHZ.JP.--,44.1188,142.5930,220.00,-0.57211611,0.43752656,0.69372449,195
JSD.BHZ.JP.--,38.0400,138.2572,146.00,-0.58914690,0.52570127,0.61363190,2088
JSG.BHZ.JP.--,34.6777,138.1830,107.00,-0.61422505,0.54950860,0.56636374,1351
YOJ.BHZ.JP.--,24.4672,123.0113,32.00,-0.49645112,0.76413771,0.41186143,129
JHS.BHZ.JP.--,35.0018,133.1137,470.00,-0.56107356,0.59928963,0.57100648,4197
JOW.BHZ.JP.--,26.8360,128.2725,220.00,-0.55345039,0.70148169,0.44901682,422
JGF.BHZ.JP.--,35.6040,137.3542,580.00,-0.59941360,0.55207459,0.57958346,316
JWT.BHZ.JP.--,35.2857,135.3987,172.00,-0.58250464,0.57445426,0.57505708,382
JSU.BHZ.JP.--,31.5093,130.4527,400.00,-0.55416969,0.64993574,0.52007643,5496
JTM.BHZ.JP.--,40.7895,141.0647,130.00,-0.59061746,0.47716982,0.65075340,306
JMN.BHZ.JP.--,33.7315,133.8763,550.00,-0.57761396,0.60072623,0.55271160,162
JMM.BHZ.JP.--,37.8690,140.7897,100.00,-0.61321411,0.50030935,0.61127655,408
JMZ.BHZ.JP.--,25.8198,131.2237,50.00,-0.59396643,0.67791709,0.43316544,88
JTU.BHZ.JP.--,34.5275,129.3963,70.00,-0.52401352,0.63802850,0.56420694,70
JCJ.BHZ.JP.--,27.0957,142.1845,150.00,-0.70426514,0.54658926,0.45304612,98
TARG.BHZ.KC.--,41.7291,77.8048,3530.00,0.15812072,0.73163401,0.66310596,860
TJN.BHZ.KG.--,36.3772,127.3638,60.00,-0.48976813,0.64142940,0.59050445,142
BALB.HHZ.KO.--,39.6400,27.8800,120.00,0.68254929,0.36108626,0.63540788,416
GAZ.BHZ.KO.--,37.1722,37.2097,992.00,0.63617000,0.48304908,0.60162390,490
GURO.HHZ.KO.--,38.5509,42.0322,1388.00,0.58240324,0.52499156,0.62063703,1154
KARS.HHZ.KO.--,40.6152,43.0937,1747.00,0.55590291,0.52009010,0.64844294,752
MDUB.BHZ.KO.--,40.4712,31.1977,1109.00,0.65256371,0.39517083,0.64652967,640
BNN.BHZ.KO.--,38.8522,35.8472,1380.00,0.63292513,0.45727309,0.62474563,517
ELL.BHZ.KO.--,36.7483,29.9085,1230.00,0.69623237,0.40048882,0.59570898,352
CUSSO.HHZ.KY.00,36.5522,-89.3297,91.00,0.00942010,-0.80517506,0.59296238,328
ABKAR.BHZ.KZ.--,49.2558,59.9431,362.00,0.32816729,0.56710106,0.75544862,1274
KKAR.BHZ.KZ.--,43.1034,70.5115,520.90,0.24434715,0.69045546,0.68085661,776
TPH.HHZ.LB.01,38.0750,-117.2225,1883.00,-0.36102547,-0.70180156,0.61411333,1044
MVU.HHZ.LB.--,38.5037,-112.2123,2239.00,-0.29661293,-0.72638202,0.61999188,1561
BMN.HHZ.LB.01,40.4314,-117.2210,1594.00,-0.34916870,-0.67879674,0.64600016,1616
MMNY.HHZ.LD.--,42.7319,-77.9066,241.00,0.15436683,-0.72046184,0.67609586,94
ODNJ.HHZ.LD.--,41.0829,-74.6056,187.00,0.20067594,-0.72882764,0.65462924,203
CPNY.BHZ.LD.--,40.7911,-73.9602,27.00,0.20979039,-0.72971257,0.65077458,55
FRNY.BHZ.LD.--,44.8350,-73.5883,242.00,0.20102931,-0.68252440,0.70267181,193
LUPA.HHZ.LD.--,40.5987,-75.3718,255.00,0.19230080,-0.73676737,0.64822391,200
WVNY.BHZ.LD.--,42.4062,-78.6042,490.00,0.14634026,-0.72604149,0.67189902,151
TRNY.BHZ.LD.--,41.1450,-74.2244,270.00,0.20532728,-0.72679390,0.65544743,244
KSCT.BHZ.LD.--,41.7261,-73.4843,114.00,0.21279982,-0.71767563,0.66306706,360
ACCN.BHZ.LD.--,43.3843,-73.6678,340.00,0.20501931,-0.69965150,0.68443762,128
MVL.HHZ.LD.--,39.9992,-76.3506,91.00,0.18127585,-0.74648787,0.64023037,439
KSPA.HHZ.LD.--,41.5570,-75.7682,298.00,0.18451014,-0.72747791,0.66085694,214
NCB.BHZ.LD.--,43.9734,-74.2228,575.00,0.19630937,-0.69479781,0.69189495,206
SDMD.HHZ.LD.--,39.4102,-76.8403,212.00,0.17637643,-0.75437104,0.63230981,202
ALLY.BHZ.LD.--,41.6492,-80.1448,390.00,0.12827474,-0.73838952,0.66206232,807
WUPA.BHZ.LD.--,39.9324,-75.6060,86.00,0.19114679,-0.74479048,0.63933563,362
UCCT.HHZ.LD.--,41.7943,-72.2255,200.00,0.22827321,-0.71207647,0.66395665,285
BRNJ.BHZ.LD.--,40.6828,-74.5660,50.00,0.20239007,-0.73307311,0.64933972,147
PAL.BHZ.LD.--,41.0056,-73.9079,66.00,0.20978028,-0.72717711,0.65360973,85
MORF.BHZ.LX.--,37.3043,-8.6527,560.00,0.78831705,-0.11996312,0.60346092,64
MESJ.BHZ.LX.--,37.8395,-8.2199,250.00,0.78359692,-0.11319642,0.61087022,80
HKA.HHZ.MM.--,22.6421,93.5995,0.00,-0.05800069,0.92202296,0.38276569,2193
MDY.HHZ.MM.--,22.0162,96.1123,200.00,-0.09880604,0.92267675,0.37269958,10
KTN.HHZ.MM.--,21.2857,99.5898,832.00,-0.15536578,0.91957321,0.36089692,544
CEL.BHZ.MN.--,38.2603,15.8939,702.00,0.75713538,0.21558854,0.61665841,293
TIR.BHZ.MN.--,41.3472,19.8631,244.00,0.70813143,0.25582430,0.65810623,90
TIP.BHZ.MN.--,39.1794,16.7583,789.00,0.74424274,0.22410922,0.62918820,174
PDG.BHZ.MN.--,42.4297,19.2608,35.00,0.69892662,0.24422392,0.67220255,342
BNI.BHZ.MN.--,45.0520,6.6780,1345.00,0.70403857,0.08243147,0.70536143,144
TUE.BHZ.MN.--,46.4722,9.3473,1924.00,0.68196770,0.11225491,0.72271633,243
CLTB.BHZ.MN.--,37.5780,13.2160,944.00,0.77346376,0.18164218,0.60725606,91
MPLM.HHZ.MQ.00,14.8064,-61.1783,846.00,0.46628165,-0.84740349,0.25394636,355
SRIG.BHZ.MX.--,27.3198,-112.2410,61.00,-0.33676028,-0.82352034,0.45651590,234
ZAIG.BHZ.MX.--,22.7692,-102.5670,2408.00,-0.20082697,-0.90088517,0.38480443,300
HPIG.BHZ.MX.--,26.9368,-105.6640,1786.00,-0.24103480,-0.85958022,0.45058193,1449
HSIG.BHZ.MX.--,29.0198,-110.9493,250.00,-0.31314745,-0.81793948,0.48261131,130
TLIG.BHZ.MX.--,17.5627,-98.5665,1136.00,-0.14210016,-0.94332687,0.29990324,588
CCIG.BHZ.MX.--,16.2819,-92.1369,1625.00,-0.03581103,-0.95973205,0.27862514,1416
MOIG.BHZ.MX.--,19.6467,-101.2273,2000.00,-0.18350596,-0.92446077,0.33421227,302
KSM.BHZ.MY.--,1.4733,110.3083,66.00,-0.34695831,0.93753278,0.02553836,1348
KOM.BHZ.MY.--,1.7922,103.8467,49.00,-0.23920942,0.97047094,0.03106463,1095
LDM.BHZ.MY.--,5.1777,118.4980,177.00,-0.47520714,0.87529554,0.08964314,137
IPM.BHZ.MY.--,4.4795,101.0255,247.00,-0.19066946,0.97858389,0.07758049,199
KUM.BHZ.MY.--,5.2902,100.6492,74.00,-0.18401867,0.97864662,0.09158563,192
SBM.BHZ.MY.--,2.4529,112.2140,237.00,-0.37772524,0.92494133,0.04251090,275
L48A.BHZ.N4.--,41.9438,-84.4329,369.00,0.07237414,-0.74251854,0.66590405,401
L59A.BHZ.N4.--,42.1902,-75.0426,677.00,0.19181247,-0.71798879,0.66910393,139
735B.BHZ.N4.--,28.8553,-97.8082,109.00,-0.11917561,-0.86907814,0.48010452,562
T47A.BHZ.N4.--,36.9881,-87.1055,217.00,0.04043325,-0.79968336,0.59905899,1677
W50A.BHZ.N4.--,35.2002,-85.3119,587.00,0.06693551,-0.81622831,0.57383881,751
Y45B.BHZ.N4.--,33.8656,-89.5431,101.00,0.00663528,-0.83205360,0.55465554,297
U49A.BHZ.N4.--,36.5129,-85.7796,234.00,0.05928942,-0.80345166,0.59241050,1144
V48A.BHZ.N4.--,35.7400,-86.8219,278.00,0.04510243,-0.81228667,0.58151194,1725
J55A.BHZ.N4.--,43.2657,-77.8167,97.00,0.15416170,-0.71403362,0.68292764,166
255A.BHZ.N4.--,31.9263,-82.4758,45.00,0.11134561,-0.84300230,0.52625971,314
553A.BHZ.N4.--,30.1890,-84.4317,16.00,0.08401437,-0.86175388,0.50032172,37
N38B.BHZ.N4.--,40.7931,-93.2350,322.00,-0.04284545,-0.75803842,0.65080106,1268
K50A.BHZ.N4.--,42.7749,-82.6231,191.00,0.09453862,-0.73021194,0.67664834,847
I37B.BHZ.N4.--,44.0149,-93.4003,354.00,-0.04279314,-0.72022679,0.69241759,557
257A.BHZ.N4.--,31.9746,-81.0261,9.00,0.13256833,-0.83947831,0.52697421,191
T42B.BHZ.N4.--,37.0300,-91.0925,165.00,-0.01525835,-0.80012194,0.59964328,555
X48A.BHZ.N4.--,34.4517,-87.0452,180.00,0.04259821,-0.82527864,0.56311683,464
656A.BHZ.N4.--,29.3689,-82.5348,28.00,0.11340909,-0.86548939,0.48792059,163
Y49A.BHZ.N4.--,33.8577,-86.4119,362.00,0.05207903,-0.83052510,0.55454111,709
S61A.BHZ.N4.--,37.6804,-75.6727,58.00,0.19634064,-0.76874445,0.60867259,84
F62A.BHZ.N4.--,45.8968,-69.9664,331.00,0.23924141,-0.65611295,0.71573693,598
I62A.BHZ.N4.--,43.8743,-71.3359,264.00,0.23143597,-0.68516145,0.69064548,99
M57A.BHZ.N4.--,41.3372,-77.1280,319.00,0.16775750,-0.73411608,0.65797492,272
Y57A.BHZ.N4.--,34.0170,-80.3915,56.00,0.13864217,-0.81896282,0.55684671,647
F33B.BHZ.N4.--,45.8398,-96.2929,314.00,-0.07662716,-0.69486954,0.71504168,651
237B.BHZ.N4.--,32.0015,-95.8084,116.00,-0.08598484,-0.84527239,0.52737197,395
346B.BHZ.N4.--,31.3876,-89.4649,86.00,0.00798700,-0.85518205,0.51826622,318
Q44B.BHZ.N4.--,38.9033,-89.0169,168.00,0.01338750,-0.78015680,0.62544076,524
O44A.BHZ.N4.--,40.1526,-88.4671,213.00,0.02050376,-0.76619383,0.64228234,87
V53A.BHZ.N4.--,35.6694,-82.8124,681.00,0.10187803,-0.80785368,0.58051124,1069
250A.BHZ.N4.--,31.9778,-86.2677,152.00,0.05532100,-0.84804946,0.52702153,548
M63A.BHZ.N4.--,41.4038,-72.0464,44.00,0.23188634,-0.71564423,0.65884904,73
L34B.BHZ.N4.--,41.9666,-96.3762,414.00,-0.08282261,-0.74115930,0.66620065,950
N58A.BHZ.N4.--,40.8396,-76.7158,200.00,0.17433981,-0.73841877,0.65141642,271
P43A.BHZ.N4.--,39.6409,-89.5213,176.00,0.00645129,-0.77213976,0.63542000,539
W57A.BHZ.N4.--,35.1529,-79.9928,85.00,0.14239578,-0.80697360,0.57316407,404
P57A.BHZ.N4.--,39.4835,-78.0126,191.00,0.16073787,-0.75703077,0.63329910,850
I49A.BHZ.N4.--,43.9400,-82.8246,217.00,0.09023316,-0.71674374,0.69147407,32
G65A.BHZ.N4.--,45.2002,-67.5632,78.00,0.26984454,-0.65350027,0.70719257,49
K43A.BHZ.N4.--,42.7044,-88.3320,264.00,0.02145660,-0.73682556,0.67574234,131
I63A.BHZ.N4.--,44.0505,-70.5809,177.00,0.23973705,-0.68004658,0.69286564,101
E28B.BHZ.N4.--,46.5748,-100.6934,704.00,-0.12800393,-0.67786964,0.72395286,991
E63A.BHZ.N4.--,46.4220,-68.4623,238.00,0.25396105,-0.64347573,0.72210994,62
M52A.BHZ.N4.--,41.5405,-81.3570,382.00,0.11281358,-0.74217739,0.66064047,127
S44A.BHZ.N4.--,37.6936,-89.2551,155.00,0.01031313,-0.79321445,0.60885505,677
S57A.BHZ.N4.--,37.7605,-78.9536,264.00,0.15185973,-0.77788677,0.60977930,1127
R32B.BHZ.N4.--,38.4225,-98.7111,568.00,-0.11896349,-0.77642383,0.61888102,357
R50A.BHZ.N4.--,38.2816,-84.3274,255.00,0.07779032,-0.78314793,0.61695056,837
T59A.BHZ.N4.--,36.9716,-77.5541,63.00,0.17260316,-0.78205639,0.59882881,248
Z38B.BHZ.N4.--,33.2599,-94.9852,115.00,-0.07281060,-0.83471220,0.54585178,203
545B.BHZ.N4.--,30.0441,-90.4894,8.00,-0.00740635,-0.86706625,0.49813780,342
T57A.BHZ.N4.--,36.9983,-79.2538,230.00,0.14927869,-0.78655815,0.59920126,771
P51A.BHZ.N4.--,39.4818,-83.0601,211.00,0.09351204,-0.76825569,0.63327616,1115
456A.BHZ.N4.--,30.7248,-82.0223,26.00,0.11951543,-0.85280473,0.50837010,672
N62A.BHZ.N4.--,40.9313,-73.4677,34.00,0.21560166,-0.72635509,0.65262869,115
K62A.BHZ.N4.--,42.6651,-72.2345,289.00,0.22505824,-0.70242721,0.67523685,130
U38B.BHZ.N4.--,36.4394,-94.3857,389.00,-0.06166510,-0.80403282,0.59137859,854
Q52A.BHZ.N4.--,38.9622,-82.2669,228.00,0.10490586,-0.77253898,0.62624140,1054
J58A.BHZ.N4.--,43.3603,-75.2852,436.00,0.18526260,-0.70543659,0.68413229,155
J56A.BHZ.N4.--,43.2760,-76.8579,93.00,0.16606045,-0.71123448,0.68305889,360
P48A.BHZ.N4.--,39.4605,-85.4258,300.00,0.06173939,-0.77169517,0.63298879,597
P46A.BHZ.N4.--,39.6178,-87.2067,194.00,0.03764244,-0.77150474,0.63510903,431
J57A.BHZ.N4.--,43.4099,-75.9968,191.00,0.17634386,-0.70710836,0.68476318,4
352A.BHZ.N4.--,31.4793,-84.9274,101.00,0.07554354,-0.85104510,0.51963008,507
J59A.BHZ.N4.--,43.4647,-74.5041,541.00,0.19452890,-0.70164352,0.68545961,86
S39B.BHZ.N4.--,37.6909,-93.3226,340.00,-0.04597852,-0.79197661,0.60881773,989
E38A.BHZ.N4.--,46.6058,-91.5542,341.00,-0.01869987,-0.68920387,0.72432613,689
G62A.BHZ.N4.--,45.2186,-70.5319,426.00,0.23556165,-0.66638445,0.70741959,101
P53A.BHZ.N4.--,39.4868,-81.3896,270.00,0.11585991,-0.76514858,0.63334361,566
U54A.BHZ.N4.--,36.5209,-81.8204,837.00,0.11461138,-0.79735877,0.59252276,1282
152A.BHZ.N4.--,32.6686,-84.7188,214.00,0.07763485,-0.83987446,0.53719990,1272
V58A.BHZ.N4.--,35.7940,-79.1150,127.00,0.15352382,-0.79836345,0.58227678,523
451A.BHZ.N4.--,30.6160,-85.7467,20.00,0.06393840,-0.85972507,0.50673927,151
E43A.BHZ.N4.--,46.3758,-86.9954,303.00,0.03629086,-0.69140876,0.72155173,106
F63A.BHZ.N4.--,45.7030,-69.1029,386.00,0.24996434,-0.65469132,0.71337024,69
Y52A.BHZ.N4.--,33.8640,-84.0626,286.00,0.08607347,-0.82763174,0.55463237,377
P61A.BHZ.N4.--,39.6734,-74.7919,22.00,0.20246463,-0.74477750,0.63585734,435
R61A.BHZ.N4.--,38.3303,-75.3390,76.00,0.19905720,-0.76087054,0.61761821,223
T35B.BHZ.N4.--,36.9162,-96.5119,413.00,-0.09089262,-0.79628387,0.59805562,510
441B.BHZ.N4.--,30.7498,-93.1898,33.00,-0.04790469,-0.85958367,0.50874458,806
D62A.BHZ.N4.--,47.0819,-69.0501,189.00,0.24435515,-0.63823443,0.73003245,81
E62A.BHZ.N4.--,46.6201,-69.5227,356.00,0.24113396,-0.64572185,0.72449824,72
W52A.BHZ.N4.--,35.0935,-83.9277,519.00,0.08674583,-0.81543200,0.57231618,2409
143B.BHZ.N4.--,32.7032,-91.4036,31.00,-0.02065249,-0.84287834,0.53770771,1391
O49A.BHZ.N4.--,40.1880,-84.3353,292.00,0.07561638,-0.76233055,0.64275523,452
K38B.BHZ.N4.--,42.6472,-92.7709,307.00,-0.03566765,-0.73694913,0.67500651,181
G45A.BHZ.N4.--,45.0404,-85.6571,284.00,0.05368856,-0.70695491,0.70521790,226
Q56A.BHZ.N4.--,39.0401,-79.1871,430.00,0.14610073,-0.76495109,0.62729930,456
H62A.BHZ.N4.--,44.5743,-71.1559,381.00,0.23084515,-0.67639620,0.69942740,94
V61A.BHZ.N4.--,35.7912,-76.5776,4.00,0.18872464,-0.79081157,0.58223713,179
E46A.BHZ.N4.--,46.3665,-84.3062,269.00,0.06870215,-0.68906121,0.72143930,161
F36B.BHZ.N4.--,45.8618,-93.5241,349.00,-0.04295454,-0.69748574,0.71531011,697
N49A.BHZ.N4.--,40.9220,-84.1825,225.00,0.07680908,-0.75388097,0.65250582,312
S51A.BHZ.N4.--,37.6392,-83.5935,286.00,0.08858003,-0.78890079,0.60810289,1218
Y58A.BHZ.N4.--,33.9057,-79.6665,19.00,0.14918691,-0.81820288,0.55523627,568
N33B.BHZ.N4.--,40.7371,-97.4511,482.00,-0.09854166,-0.75346684,0.65005942,212
B35B.BHZ.N4.--,48.3603,-93.7261,354.00,-0.04334266,-0.66553493,0.74510715,1459
154A.BHZ.N4.--,32.6131,-83.1066,111.00,0.10129579,-0.83787252,0.53638494,487
L46A.BHZ.N4.--,42.0127,-86.2955,223.00,0.04815025,-0.74367954,0.66680004,586
F64A.BHZ.N4.--,45.8633,-68.3496,179.00,0.25781260,-0.64949052,0.71532840,49
Z35B.BHZ.N4.--,33.3309,-97.2530,234.00,-0.10569809,-0.83050749,0.54688685,793
L42A.BHZ.N4.--,42.0040,-89.6670,257.00,0.00433184,-0.74532525,0.66668696,305
F42A.BHZ.N4.--,45.7587,-88.1347,358.00,0.02278795,-0.69972243,0.71405128,655
I42A.BHZ.N4.--,43.8908,-88.9134,298.00,0.01371059,-0.72286461,0.69085366,216
G40A.BHZ.N4.--,45.2684,-90.2006,472.00,-0.00247242,-0.70617435,0.70803367,1104
I40B.BHZ.N4.--,43.8916,-90.6177,419.00,-0.00779428,-0.72294296,0.69086375,743
H43A.BHZ.N4.--,44.4697,-87.7704,274.00,0.02785448,-0.71543714,0.69812164,83
L40A.BHZ.N4.--,42.0628,-91.2218,242.00,-0.01587812,-0.74448445,0.66745096,614
R49A.BHZ.N4.--,38.2916,-85.1714,251.00,0.06623703,-0.78410168,0.61708769,794
U56A.BHZ.N4.--,36.3472,-80.3829,363.00,0.13487711,-0.79599652,0.59008280,1390
N35B.BHZ.N4.--,40.8612,-95.6424,353.00,-0.07457278,-0.75480014,0.65170212,1117
J61A.BHZ.N4.--,43.3462,-72.5535,253.00,0.21872300,-0.69596605,0.68395286,127
O54A.BHZ.N4.--,40.1821,-80.3778,357.00,0.12806051,-0.75535919,0.64267643,455
J47A.BHZ.N4.--,43.2382,-84.8214,236.00,0.06596368,-0.72783054,0.68257710,465
S54A.BHZ.N4.--,37.7997,-81.3114,636.00,0.11966615,-0.78306380,0.61032049,761
K57A.BHZ.N4.--,42.7313,-76.5163,408.00,0.17180356,-0.71651124,0.67608815,130
Q51A.BHZ.N4.--,39.0260,-83.3456,362.00,0.09026289,-0.77368488,0.62710790,836
Q54A.BHZ.N4.--,38.9836,-80.8338,254.00,0.12415680,-0.76944303,0.62653213,935
J54A.BHZ.N4.--,43.2728,-78.6392,112.00,0.14387931,-0.71609008,0.68301811,87
P38B.BHZ.N4.--,39.6248,-93.5321,248.00,-0.04758243,-0.77087789,0.63520327,479
N41A.BHZ.N4.--,40.7077,-90.8552,226.00,-0.01134661,-0.76013181,0.64966982,857
146B.BHZ.N4.--,32.6368,-89.0573,161.00,0.01388181,-0.84363794,0.53673301,1754
N53A.BHZ.N4.--,40.8065,-80.8377,360.00,0.12087213,-0.74941111,0.65097843,409
Z47B.BHZ.N4.--,33.1989,-88.0696,64.00,0.02824394,-0.83798501,0.54496184,574
R58B.BHZ.N4.--,37.9636,-77.8787,116.00,0.16597158,-0.77278645,0.61258023,1445
R55A.BHZ.N4.--,38.2825,-80.1195,833.00,0.13504300,-0.77531940,0.61696290,593
X58A.BHZ.N4.--,34.5548,-79.3388,45.00,0.15269351,-0.81111794,0.56459931,630
061Z.BHZ.N4.--,25.8657,-80.9070,9.00,0.14238680,-0.88964644,0.43388386,167
T50A.BHZ.N4.--,37.0204,-84.8384,302.00,0.07200517,-0.79712213,0.59950944,1284
L56A.BHZ.N4.--,42.1365,-77.5591,688.00,0.16023763,-0.72632995,0.66840759,185
X51A.BHZ.N4.--,34.5658,-84.8574,214.00,0.07397178,-0.82193508,0.56475738,805
060A.BHZ.N4.--,27.0361,-80.3618,9.00,0.14933670,-0.87936571,0.45212221,110
V55A.BHZ.N4.--,35.8518,-81.2149,313.00,0.12407753,-0.80287305,0.58309487,14991
D41A.BHZ.N4.--,47.0605,-88.5657,271.00,0.01711308,-0.68347102,0.72977702,103
D32B.BHZ.N4.--,47.1355,-97.0164,271.00,-0.08339769,-0.67761612,0.73067176,998
V52A.BHZ.N4.--,35.8417,-83.5959,328.00,0.09062703,-0.80743653,0.58295196,803
I45A.BHZ.N4.--,44.0361,-86.2348,215.00,0.04736233,-0.71968402,0.69268444,392
M55A.BHZ.N4.--,41.4686,-78.7649,531.00,0.14642458,-0.73712786,0.65969869,295
N47A.BHZ.N4.--,40.8801,-85.6942,252.00,0.05692993,-0.75612005,0.65195203,381
O52A.BHZ.N4.--,40.1158,-81.8361,331.00,0.10890101,-0.75910838,0.64179049,478
L64A.BHZ.N4.--,41.9359,-70.8391,17.00,0.24489608,-0.70479401,0.66580125,76
P40B.BHZ.N4.--,39.5298,-92.0483,320.00,-0.02764269,-0.77290163,0.63392346,624
M44A.BHZ.N4.--,41.3882,-88.0432,207.00,0.02569328,-0.75201559,0.65864437,335
N51A.BHZ.N4.--,40.9183,-82.3748,343.00,0.10055768,-0.75112456,0.65245693,229
M50A.BHZ.N4.--,41.4035,-83.0428,176.00,0.09112191,-0.74673953,0.65884510,186
T45B.BHZ.N4.--,37.0159,-88.6459,136.00,0.01891484,-0.80019116,0.59944669,497
Y60A.BHZ.N4.--,34.0046,-78.2163,7.00,0.16965078,-0.81322816,0.55666739,40
R40B.BHZ.N4.--,38.2909,-92.2684,218.00,-0.03114613,-0.78628529,0.61707809,1140
SABA.BHZ.NA.--,17.6205,-63.2426,216.00,0.42935453,-0.85155012,0.30086057,30
SMRT.BHZ.NA.--,18.0500,-63.0746,260.00,0.43082188,-0.84826410,0.30796190,578
SEUS.BHZ.NA.--,17.4928,-62.9814,46.00,0.43353397,-0.85017593,0.29874602,43
KCPB.HHZ.NC.--,39.6863,-123.5824,1261.00,-0.42683483,-0.64286592,0.63603100,193
GDXB.HHZ.NC.--,38.8080,-122.7953,939.00,-0.42318804,-0.65677754,0.62414353,644
KMPB.HHZ.NC.--,40.4172,-124.1208,938.00,-0.42827535,-0.63206666,0.64581109,219
KMR.HHZ.NC.--,40.2022,-123.7086,915.00,-0.42505843,-0.63714023,0.64294452,444
KRP.HHZ.NC.--,41.1577,-124.0233,813.00,-0.42249895,-0.62583133,0.65561405,111
KBO.HHZ.NC.--,42.2124,-124.2260,1010.00,-0.41785608,-0.61425717,0.66939108,154
KHMB.HHZ.NC.--,40.8747,-123.7326,1501.00,-0.42110899,-0.63064890,0.65188127,191
MDPB.HHZ.NC.--,37.6323,-119.0794,2360.00,-0.38586705,-0.69385454,0.60800699,3153
PMPB.HHZ.NC.--,36.2159,-120.8013,802.00,-0.41409928,-0.69462321,0.58823497,242
BBGB.HHZ.NC.--,36.5785,-121.0396,1089.00,-0.41506090,-0.68969806,0.59333046,604
AFD.HHZ.NC.--,38.9460,-120.9690,505.00,-0.40126795,-0.66864197,0.62602072,238
OUENC.BHZ.ND.00,-22.4183,166.8416,115.00,-0.90103149,0.21064496,-0.37917142,118
ONTNC.BHZ.ND.00,-22.3073,166.4540,107.00,-0.90029493,0.21690630,-0.37738665,127
LIFNC.BHZ.ND.00,-20.7771,167.2402,33.00,-0.91264792,0.20667524,-0.35264589,132
MARNC.BHZ.ND.00,-21.4809,168.0305,44.00,-0.91112704,0.19315916,-0.36405639,1049
KOUNC.BHZ.ND.00,-20.5507,164.2861,88.00,-0.90211156,0.25380828,-0.34896432,107
PINNC.BHZ.ND.00,-22.6129,167.4465,21.00,-0.90194892,0.20084103,-0.38229705,115
EMMW.HHZ.NE.00,44.7075,-67.4573,35.00,0.27337322,-0.65859266,0.70108686,25
WES.HHZ.NE.00,42.3848,-71.3218,60.00,0.23727305,-0.70187228,0.67162252,130
PQI.HHZ.NE.00,46.6713,-68.0190,162.00,0.25775311,-0.63857094,0.72511412,86
YLE.HHZ.NE.00,41.3211,-72.9220,41.00,0.22120194,-0.72001174,0.65776348,142
WVL.HHZ.NE.00,44.5646,-69.6617,50.00,0.24844535,-0.67025775,0.69930641,96
WSPT.HHZ.NE.00,41.1712,-73.3278,91.00,0.21658944,-0.72320492,0.65579239,174
BCX.HHZ.NE.00,42.3350,-71.1705,60.00,0.23931384,-0.70179517,0.67097871,741
HNH.HHZ.NE.00,43.7051,-72.2865,180.00,0.22065645,-0.69084600,0.68850747,255
VT1.HHZ.NE.00,44.3206,-72.7513,149.00,0.21283996,-0.68551161,0.69625640,790
CGM3.HHZ.NM.00,37.2978,-89.6582,148.00,0.00475726,-0.79744749,0.60336960,952
OLIL.BHZ.NM.--,38.7338,-88.0991,150.00,0.02594347,-0.78168540,0.62313311,432
GLAT.HHZ.NM.00,36.2690,-89.2880,120.00,0.01004236,-0.80808332,0.58898260,1375
PVMO.BHZ.NM.--,36.4137,-89.6997,98.30,0.00422786,-0.80664762,0.59101755,563
PLAL.BHZ.NM.00,34.9824,-88.0755,165.00,0.02757593,-0.82067553,0.57072870,642
CLTN.HHZ.NM.00,36.0911,-86.3315,208.00,0.05182461,-0.80830664,0.58647641,1078
HALT.HHZ.NM.00,35.9110,-89.3400,85.00,0.00935109,-0.81174859,0.58393218,957
PBMO.BHZ.NM.--,36.7785,-90.4297,143.90,-0.00602134,-0.80286428,0.59613143,1139
MGMO.BHZ.NM.--,37.1540,-92.2687,453.00,-0.03162799,-0.79834395,0.60137061,908
FFIL.BHZ.NM.00,38.3813,-88.3896,128.10,0.02208635,-0.78561798,0.61831754,587
LNXT.HHZ.NM.00,36.1010,-89.4910,144.00,0.00719453,-0.80983373,0.58661536,837
HBAR.HHZ.NM.00,35.5550,-90.6570,74.00,-0.00934992,-0.81535356,0.57888786,1096
USIN.BHZ.NM.--,37.9650,-87.6660,170.70,0.03218855,-0.78973777,0.61259951,304
SIUC.BHZ.NM.00,37.7085,-89.2401,118.00,0.01051860,-0.79305379,0.60906079,864
HDBT.HHZ.NM.00,35.1530,-90.0580,66.00,-0.00082951,-0.81943921,0.57316550,886
GNAR.HHZ.NM.00,35.9650,-90.0180,71.00,-0.00025486,-0.81125287,0.58469540,824
HICK.HHZ.NM.00,36.5410,-89.2290,141.00,0.01083680,-0.80527330,0.59280476,328
BLO.BHZ.NM.--,39.1719,-86.5222,246.00,0.04715455,-0.77590367,0.62908660,583
UTMT.BHZ.NM.01,36.3497,-88.8636,110.00,0.01601121,-0.80715825,0.59011796,954
FVM.BHZ.NM.--,37.9812,-90.4273,137.00,-0.00589325,-0.79019855,0.61282259,673
PEBM.HHZ.NM.00,36.1130,-89.8620,76.00,0.00195031,-0.80974071,0.58678461,849
SLM.BHZ.NM.00,38.6361,-90.2364,186.00,-0.00323134,-0.78316897,0.62180055,132
PARM.HHZ.NM.00,36.6640,-89.7520,85.00,0.00348036,-0.80406673,0.59452887,764
MPH.BHZ.NM.--,35.1230,-89.9320,93.00,0.00097289,-0.81973836,0.57273735,239
UALR.BHZ.NM.--,34.7751,-92.3429,138.00,-0.03365208,-0.82250528,0.56776104,151
SHP.HHZ.NN.--,36.5047,-115.1567,1632.00,-0.34250821,-0.72929710,0.59229542,284
YER.HHZ.NN.--,38.9852,-119.2406,1857.00,-0.38070914,-0.68006677,0.62655386,1855
KVN.HHZ.NN.--,39.0484,-118.1012,1829.00,-0.36678546,-0.68689349,0.62741195,632
PRN.HHZ.NN.--,37.4065,-115.0512,1464.00,-0.33718293,-0.72140735,0.60487941,244
V12A.HHZ.NN.--,35.7266,-114.8511,1098.00,-0.34195569,-0.73832984,0.58132207,319
PIO.HHZ.NN.--,37.9472,-114.4914,1887.00,-0.32774162,-0.71944951,0.61235433,979
S11A.HHZ.NN.--,37.6444,-115.7472,1456.00,-0.34482906,-0.71499393,0.60817481,1490
RYN.HHZ.NN.--,38.6281,-118.5223,1651.00,-0.37400836,-0.68819881,0.62169136,592
CMK6.HHZ.NN.--,39.3102,-118.1193,1332.00,-0.36564933,-0.68424550,0.63095853,774
DSP.HHZ.NN.--,37.3680,-117.9722,1692.00,-0.37369725,-0.70364573,0.60434515,459
REDF.HHZ.NN.--,39.3900,-119.7647,1466.00,-0.38470973,-0.67270176,0.63203700,6196
LHV.HHZ.NN.--,38.2513,-118.5049,2353.00,-0.37573941,-0.69188479,0.61653494,1005
GWY.HHZ.NN.--,36.1860,-116.6698,1538.00,-0.36311643,-0.72292568,0.58781368,658
Q09A.HHZ.NN.--,38.8340,-117.1816,1703.50,-0.35678248,-0.69477234,0.62449793,2292
MZPB.HHZ.NN.--,37.7008,-117.3838,2371.00,-0.36483369,-0.70432288,0.60895456,2455
SPR3.HHZ.NN.--,38.9989,-114.3314,2815.00,-0.32105288,-0.71001557,0.62673993,383
WTNK.HHZ.NN.--,36.1917,-115.0106,676.00,-0.34200759,-0.73308353,0.58789400,601
EMB.HHZ.NN.--,38.9744,-120.1029,2134.20,-0.39095977,-0.67436232,0.62640715,470
MPK.HHZ.NN.--,39.2928,-120.0364,2599.00,-0.38843081,-0.67179590,0.63072321,224
PAH.HHZ.NN.--,39.7106,-119.3854,1520.00,-0.37850901,-0.67214570,0.63635767,932
WAK.HHZ.NN.--,38.5043,-119.4382,1890.00,-0.38561959,-0.68329893,0.62000008,354
PNT.HHZ.NN.--,39.0891,-119.5997,2076.00,-0.38440289,-0.67667971,0.62796416,327
QSM.HHZ.NN.--,35.9650,-116.8691,385.00,-0.36664875,-0.72367118,0.58469540,1409
WLDB.HHZ.NN.--,36.7927,-116.6266,955.00,-0.35976704,-0.71760587,0.59633002,617
LCH.HHZ.NN.--,37.2329,-117.6459,1414.00,-0.37034293,-0.70702059,0.60246825,864
CRIN.HHZ.NU.--,12.6962,-87.0500,685.00,0.05022238,-0.97457195,0.21837404,279
ACON.BHZ.NU.--,11.9680,-85.1740,862.00,0.08232507,-0.97507639,0.20603061,929
CNGN.HHZ.NU.--,12.5000,-86.6985,515.00,0.05624270,-0.97498174,0.21505200,888
ESPN.HHZ.NU.--,12.1950,-84.3003,45.00,0.09710236,-0.97289292,0.20988210,4059
HQIL.HHZ.NW.00,41.7998,-87.8534,193.00,0.02800608,-0.74718246,0.66402864,138
WTLY.HHZ.NY.--,60.1133,-128.7961,0.00,-0.31378629,-0.39032654,0.86555379,4949
FARO.HHZ.NY.--,62.2296,-133.3481,0.00,-0.32151934,-0.34061444,0.88351973,929
MAYO.HHZ.NY.--,63.5958,-135.8921,0.00,-0.32103882,-0.31119411,0.89447879,3853
RPZ.HHZ.NZ.10,-43.7146,171.0539,403.00,-0.71629397,0.11275963,-0.68862777,114
CRSZ.EHZ.NZ.10,-42.1446,173.8154,930.30,-0.73937274,0.08012051,-0.66851227,489
KHZ.HHZ.NZ.10,-42.4160,173.5390,64.00,-0.73582477,0.08332971,-0.67202535,229
BFZ.HHZ.NZ.10,-40.6796,176.2462,283.00,-0.75890254,0.04979105,-0.64929791,891
ODZ.HHZ.NZ.10,-45.0440,170.6446,274.00,-0.69951688,0.11524463,-0.70526222,96
MXZ.HHZ.NZ.10,-37.5623,178.3066,106.00,-0.79432565,0.02348302,-0.60703815,57
AMCZ.EHZ.NZ.10,-43.1765,172.6515,179.00,-0.72553880,0.09356848,-0.68179058,170
DCZ.HHZ.NZ.10,-45.4647,167.1535,71.00,-0.68613316,0.15647092,-0.71044925,79
INZ.HHZ.NZ.10,-42.7245,171.4441,167.00,-0.72870010,0.10963189,-0.67600075,164
MRNZ.EHZ.NZ.10,-41.3990,172.7577,319.00,-0.74632775,0.09484349,-0.65878646,160
TKNZ.EHZ.NZ.10,-41.0336,172.9605,422.00,-0.75081050,0.09271297,-0.65397851,433
THZ.HHZ.NZ.10,-41.7625,172.9052,747.00,-0.74241111,0.09240353,-0.66354151,196
CMWZ.EHZ.NZ.10,-41.7490,174.2138,281.00,-0.74448265,0.07544030,-0.66336591,250
MRZ.HHZ.NZ.10,-40.6605,175.5785,286.00,-0.75848632,0.05864829,-0.64904458,243
LTZ.HHZ.NZ.10,-42.7817,172.2710,648.00,-0.72953809,0.09901299,-0.67673525,232
DSZ.HHZ.NZ.10,-41.7450,171.8046,650.00,-0.74069981,0.10667559,-0.66331298,117
PLWZ.EHZ.NZ.10,-41.5692,175.2548,638.00,-0.74780004,0.06207446,-0.66101578,115
WKZ.HHZ.NZ.10,-44.8270,169.0176,558.00,-0.69857922,0.13556784,-0.70257272,83
MSWZ.EHZ.NZ.10,-41.4158,175.2495,403.00,-0.74955313,0.06229017,-0.65900686,25
BHW.HHZ.NZ.10,-41.4082,174.8711,101.00,-0.74921246,0.06724616,-0.65890716,111
TCW.EHZ.NZ.10,-41.2104,174.2763,197.00,-0.75073168,0.07524625,-0.65630781,280
PYZ.HHZ.NZ.10,-46.1663,166.6807,277.00,-0.67630107,0.16011146,-0.71901403,80
BSWZ.EHZ.NZ.10,-41.7149,173.8757,277.00,-0.74441668,0.07987399,-0.66292077,246
TUWZ.EHZ.NZ.10,-41.4294,173.9429,132.00,-0.74778296,0.07934879,-0.65918466,812
WHZ.HHZ.NZ.10,-45.8924,167.9470,345.00,-0.68302783,0.14584215,-0.71568363,150
OXZ.HHZ.NZ.10,-43.3259,172.0383,359.40,-0.72273406,0.10108103,-0.68369445,312
MLZ.HHZ.NZ.10,-45.3665,168.1184,594.00,-0.68986102,0.14514506,-0.70924233,101
MQZ.HHZ.NZ.10,-43.7061,172.6538,57.00,-0.71926457,0.09272990,-0.68851990,95
QRZ.HHZ.NZ.10,-40.8255,172.5291,263.00,-0.75243825,0.09867098,-0.65123016,136
BKZ.HHZ.NZ.10,-39.1657,176.4925,706.00,-0.77594738,0.04756033,-0.62900213,275
LBZ.HHZ.NZ.10,-44.3856,170.1844,438.00,-0.70650773,0.12223293,-0.69706954,99
NNZ.HHZ.NZ.10,-41.2171,173.3795,130.00,-0.74938533,0.08697887,-0.65639646,133
RTZ.HHZ.NZ.10,-38.6154,176.9805,867.00,-0.78231185,0.04126597,-0.62151854,598
FOZ.HHZ.NZ.10,-43.5321,169.8155,54.00,-0.71584429,0.12860106,-0.68631532,65
HIZ.HHZ.NZ.10,-38.5129,174.8557,237.00,-0.78134852,0.07034267,-0.62011806,131
GVZ.HHZ.NZ.10,-42.9674,173.0348,400.50,-0.72861319,0.08901392,-0.67911659,195
GC02.EHZ.OK.--,36.8515,-97.8596,354.00,-0.10968775,-0.79459308,0.59715194,412
NOKA.HHZ.OK.--,36.6347,-98.9319,476.00,-0.12488845,-0.79462351,0.59411813,159
CSTR.HHZ.OK.--,35.6456,-98.6889,516.30,-0.12304478,-0.80514545,0.58017307,758
HTCH.HHZ.OK.--,36.0171,-98.3327,347.00,-0.11749053,-0.80216386,0.58543070,520
RLOK.HHZ.OK.--,36.1676,-95.0268,395.00,-0.07090215,-0.80607289,0.58755373,1256
CHOK.HHZ.OK.--,35.5611,-97.0613,338.00,-0.10023142,-0.80916115,0.57897486,1247
U32A.BHZ.OK.--,36.3795,-99.0014,525.00,-0.12626375,-0.79707190,0.59053692,912
QUOK.HHZ.OK.--,36.1714,-96.7080,296.00,-0.09451584,-0.80360666,0.58760794,1712
LOOK.HHZ.OK.--,33.9924,-97.1800,286.00,-0.10384566,-0.82433821,0.55649133,602
W35A.HHZ.OK.--,35.1527,-96.8745,322.00,-0.09808318,-0.81355142,0.57316122,356
ELIS.HHZ.OK.--,36.0653,-99.4180,641.00,-0.13258343,-0.79930938,0.58611103,813
FNO.HHZ.OK.01,35.2574,-97.4012,360.00,-0.10542215,-0.81157808,0.57465398,681
BLOK.HHZ.OK.--,36.7606,-97.2150,301.00,-0.10086062,-0.79671366,0.59588127,1198
DEOK.HHZ.OK.--,35.8427,-96.4983,291.00,-0.09195278,-0.80727690,0.58296543,394
CROK.HHZ.OK.--,36.5047,-97.9834,403.00,-0.11190281,-0.79791182,0.59229594,1134
X37A.BHZ.OK.--,34.5892,-95.3713,207.00,-0.07723044,-0.82140412,0.56509356,631
SRBA.HHZ.OV.--,9.2321,-83.3601,974.00,0.11415079,-0.98059504,0.15938310,696
RIMA.HHZ.OV.--,9.7666,-83.8636,1665.00,0.10536683,-0.98004921,0.16852708,241
DUNO.HHZ.OV.--,10.0791,-85.4937,174.00,0.07737205,-0.98172498,0.17386670,436
COVE.HHZ.OV.--,10.7195,-84.4019,115.00,0.09586983,-0.97809017,0.18479338,1310
BATAN.HHZ.OV.--,10.0978,-83.3761,54.00,0.11358810,-0.97813954,0.17418607,495
CDITO.HHZ.OV.--,8.5732,-82.8727,118.00,0.12270618,-0.98133162,0.14809267,2261
HZTE.HHZ.OV.--,10.7137,-85.5954,194.00,0.07547782,-0.97989338,0.18469452,287
PEZE.HHZ.OV.--,9.3826,-83.6775,807.00,0.10867071,-0.98079555,0.16195916,652
ORTG.HHZ.OV.--,10.3623,-85.4590,760.00,0.07789804,-0.98081482,0.17870139,441
JACO.HHZ.OV.--,9.6624,-84.6595,85.00,0.09177136,-0.98171989,0.16674555,285
CIMO.HHZ.OX.--,46.3116,12.4448,710.00,0.67688219,0.14937714,0.72077525,85
PRED.HHZ.OX.--,46.4428,13.5650,902.00,0.67222582,0.16219393,0.72236111,574
SABO.HHZ.OX.--,45.9875,13.6337,575.00,0.67758953,0.16434809,0.71684178,338
BRU2.HHZ.PA.--,8.7940,-82.6878,1320.00,0.12579931,-0.98036091,0.15187831,397
KWP.BHZ.PL.--,49.6314,22.7075,448.00,0.59983504,0.25100869,0.75973190,10409
OJC.BHZ.PL.--,50.2195,19.7984,391.00,0.60442348,0.21758679,0.76637344,443
PVAQ.BHZ.PM.--,37.4037,-7.7173,200.00,0.78913384,-0.10693772,0.60484057,61
PFVI.BHZ.PM.--,37.1328,-8.8268,186.00,0.78972680,-0.12263485,0.60107593,23
PESTR.BHZ.PM.--,38.8672,-7.5902,410.00,0.77382494,-0.10311557,0.62494972,58
ROSA.BHZ.PM.--,38.7208,-28.2470,310.00,0.68910202,-0.37022136,0.62295630,18
PMOZ.BHZ.PM.--,32.8230,-17.1972,1027.00,0.80436464,-0.24894891,0.53946452,30
LATQ.HHZ.PO.--,47.3835,-72.7819,163.00,0.20115592,-0.64910380,0.73362154,2617
CELP.BHZ.PR.--,18.0749,-66.5792,195.60,0.37811060,-0.87289113,0.30837226,62
PCDR.BHZ.PR.--,18.5145,-68.3810,10.00,0.34960071,-0.88213479,0.31562250,24
AGPR.BHZ.PR.--,18.4675,-67.1112,117.90,0.36916316,-0.87440772,0.31484870,81
UUPR.BHZ.PR.--,18.2528,-66.7202,201.10,0.37558286,-0.87294005,0.31130882,1369
GCPR.BHZ.PR.--,18.3090,-66.0836,115.00,0.38513493,-0.86843519,0.31223614,112
CRPR.BHZ.PR.--,18.0064,-67.1096,117.90,0.37015572,-0.87669107,0.30724177,51
PRSN.BHZ.PR.--,18.2171,-67.1447,13.20,0.36917939,-0.87587655,0.31071990,763
OBIP.BHZ.PR.--,18.0428,-66.6062,100.60,0.37776629,-0.87322698,0.30784294,107
HUMP.BHZ.PR.--,18.1421,-65.8488,63.80,0.38905835,-0.86767187,0.30948202,90
EMPR.BHZ.PR.--,18.4770,-66.5295,7.40,0.37799968,-0.87056726,0.31500616,17
AOPR.BHZ.PR.--,18.3466,-66.7540,354.10,0.37486728,-0.87269416,0.31285688,279
MLPR.BHZ.PR.--,17.9694,-67.0442,0.00,0.37123265,-0.87644952,0.30663099,37
PSI.BHZ.PS.--,2.6938,98.9237,987.00,-0.15494992,0.98681873,0.04668308,444
PATS.BHZ.PS.--,6.8367,158.3152,10.00,-0.92271091,0.36690775,0.11825090,75
OPA.HHZ.PT.--,21.6872,-158.0097,138.00,-0.86240166,-0.34826307,0.36739108,22
HPAH.HHZ.PT.--,20.0303,-155.6973,753.00,-0.85692962,-0.38696718,0.34048205,711
HON.HHZ.PT.--,21.3164,-157.9977,3.00,-0.86450441,-0.34932282,0.36139410,30
HLK.HHZ.PT.--,20.7583,-156.2479,2132.00,-0.85660050,-0.37695072,0.35234038,50
KHU.HHZ.PT.--,19.2461,-155.6150,1937.00,-0.86051566,-0.39007561,0.32764893,448
MHA.EHZ.PT.--,20.1846,-155.9004,5.00,-0.85746016,-0.38355328,0.34299992,639
KHLH.HHZ.PT.--,20.8972,-156.4264,14.00,-0.85698926,-0.37393926,0.35459672,333
KEKH.HHZ.PT.--,21.9829,-159.7110,54.00,-0.87057980,-0.32184725,0.37216282,25
MLOA.HHZ.PT.--,19.5359,-155.5764,3399.00,-0.85874078,-0.38996867,0.33239842,224
SLY.HHZ.QK.--,35.6315,45.4694,1548.40,0.57129561,0.58073391,0.57997367,596
BUR31.BHZ.RO.--,47.6440,25.2002,1216.90,0.61185561,0.28792000,0.73670536,501
MLR.BHZ.RO.--,45.4909,25.9450,1392.00,0.63252868,0.30775358,0.71077085,293
HILA.BHZ.RV.--,58.5561,-117.0203,329.00,-0.23815928,-0.46700478,0.85157894,1268
BRLDA.HHZ.RV.--,54.0920,-117.4033,1224.00,-0.27112531,-0.52297913,0.80807419,1765
DJES.BHZ.SJ.--,44.6672,22.5197,116.00,0.65915821,0.27329741,0.70058474,106
HEL.HHZ.SN.--,36.7246,-116.9759,747.00,-0.36445581,-0.71602919,0.59537733,669
COI.BHZ.SS.--,40.2080,-8.4124,136.00,0.75760758,-0.11204130,0.64302216,167
NCCU.HHZ.SS.00,35.9762,-78.9033,104.00,0.15611581,-0.79597401,0.58485317,71
SNET.BHZ.SV.--,13.6868,-89.2315,775.00,0.01303648,-0.97188091,0.23511177,931
MTO3.HHZ.SV.--,14.3989,-89.3606,1830.00,0.01081284,-0.96892935,0.24710121,2738
BGNE.BHZ.TA.--,41.4083,-98.1502,573.00,-0.10664166,-0.74462589,0.65890807,683
P49A.BHZ.TA.--,39.5342,-84.7164,272.00,0.07121412,-0.77006129,0.63398277,566
J20K.BHZ.TA.--,64.1767,-154.1467,312.00,-0.39414546,-0.19098991,0.89898399,484
Q19K.BHZ.TA.--,58.9287,-153.6446,629.00,-0.46474942,-0.23025287,0.85498046,188
121A.BHZ.TA.--,32.5324,-107.7851,1652.00,-0.25801959,-0.80435554,0.53519908,508
M26K.BHZ.TA.--,62.4013,-142.9963,887.00,-0.37193301,-0.28030929,0.88492516,385
O22K.BHZ.TA.--,60.4814,-149.7241,137.60,-0.42768026,-0.24967491,0.86876466,687
N31M.BHZ.TA.--,61.4862,-135.7796,714.00,-0.34389717,-0.33466371,0.87734539,693
EPYK.BHZ.TA.--,66.3701,-136.7191,715.60,-0.29345777,-0.27635597,0.91515568,821
435B.BHZ.TA.--,30.7827,-97.5850,248.00,-0.11359998,-0.85309581,0.50923725,229
I23K.BHZ.TA.--,65.1479,-149.3603,147.00,-0.36361365,-0.21538072,0.90630914,734
Y22D.BHZ.TA.--,34.0739,-106.9210,1436.00,-0.24159229,-0.79412732,0.55766922,750
A36M.BHZ.TA.--,71.9871,-125.2472,30.80,-0.17955024,-0.25408406,0.95036993,1163
I29M.BHZ.TA.--,65.3609,-138.3063,600.00,-0.31304260,-0.27884905,0.90788079,3095
P33M.BHZ.TA.--,60.2114,-132.8174,1064.00,-0.33937506,-0.36626854,0.86641325,413
H23K.BHZ.TA.--,65.8251,-149.5432,615.00,-0.35499920,-0.20875013,0.91126228,598
W18A.BHZ.TA.--,35.1181,-109.7357,1750.00,-0.27682743,-0.77163374,0.57266740,801
M30M.BHZ.TA.--,62.5763,-136.7935,780.00,-0.33748948,-0.31699577,0.88634899,90
Q24A.BHZ.TA.--,38.9641,-105.1492,2775.00,-0.20373779,-0.75251598,0.62626721,5868
TOLK.BHZ.TA.--,68.6408,-149.5724,755.00,-0.31589167,-0.18553714,0.93047752,360
SUSD.BHZ.TA.--,44.4429,-98.9556,520.00,-0.11150660,-0.70757330,0.69778672,1264
H24K.BHZ.TA.--,65.8371,-147.8781,812.00,-0.34862119,-0.21887540,0.91134890,377
M20K.BHZ.TA.--,61.8823,-153.1318,1105.00,-0.42261704,-0.21411102,0.88065391,349
J26L.BHZ.TA.--,64.5012,-143.5636,1142.00,-0.34824429,-0.25708949,0.90146043,625
L61B.BHZ.TA.--,42.4498,-72.6802,261.00,0.22034072,-0.70657252,0.67246207,95
M65A.BHZ.TA.--,41.5620,-70.6466,22.00,0.24869609,-0.70804839,0.66092188,279
O53A.BHZ.TA.--,40.2493,-81.2129,320.00,0.11692266,-0.75640081,0.64357354,478
POKR.BHZ.TA.--,65.1171,-147.4335,501.00,-0.35657872,-0.22774796,0.90608084,776
KSCO.BHZ.TA.--,39.0112,-102.6273,1382.00,-0.17031638,-0.76024995,0.62690696,1020
H21K.BHZ.TA.--,65.6571,-152.8050,518.00,-0.36868725,-0.18943884,0.91004540,399
M27K.BHZ.TA.--,62.3579,-141.8780,1534.00,-0.36692068,-0.28793014,0.88457077,423
L27K.BHZ.TA.--,63.0618,-141.8275,753.00,-0.35806240,-0.28148915,0.89025568,463
H17A.BHZ.TA.--,44.3951,-110.5762,2400.00,-0.25195207,-0.67115399,0.69718898,757
TIGA.BHZ.TA.--,31.4389,-83.5898,109.00,0.09543000,-0.84941252,0.51902936,1303
O20A.BHZ.TA.--,40.1348,-108.2416,1915.00,-0.23998573,-0.72813855,0.64204447,1326
Q23K.BHZ.TA.--,59.4296,-146.3399,44.10,-0.42544405,-0.28330806,0.85949631,13
WHTX.BHZ.TA.--,31.9913,-97.4561,190.00,-0.11026625,-0.84254329,0.52722116,444
O18K.BHZ.TA.--,59.8542,-155.2080,542.00,-0.45821890,-0.21164922,0.86327287,187
ABTX.BHZ.TA.--,32.6238,-99.6431,502.00,-0.14135760,-0.83194988,0.53654210,366
P18K.BHZ.TA.--,59.3922,-155.2292,678.00,-0.46462333,-0.21439884,0.85916139,127
214A.BHZ.TA.--,31.9559,-112.8115,543.00,-0.32956595,-0.78356614,0.52669762,403
MDND.BHZ.TA.--,47.8481,-99.6029,479.00,-0.11236632,-0.66414512,0.73911100,601
M22K.BHZ.TA.--,61.7531,-150.1205,55.00,-0.41251286,-0.23700906,0.87957936,798
KMSC.BHZ.TA.--,35.1420,-81.3333,240.00,0.12349486,-0.81019149,0.57300853,1174
M19K.BHZ.TA.--,61.9037,-154.3915,521.00,-0.42692420,-0.20462568,0.88083146,505
C36M.BHZ.TA.--,69.3475,-124.0703,8.70,-0.19875503,-0.29388798,0.93494721,531
M53A.BHZ.TA.--,41.4393,-80.6750,334.00,0.12182835,-0.74193133,0.65931461,253
L44A.BHZ.TA.--,42.1782,-87.9119,202.00,0.02708332,-0.74281530,0.66894838,103
P52A.BHZ.TA.--,39.6337,-82.1325,293.00,0.10570716,-0.76497750,0.63532308,903
SPMN.BHZ.TA.--,45.2246,-92.8037,311.00,-0.03456868,-0.70587379,0.70749360,578
N25K.BHZ.TA.--,61.6061,-144.5982,1084.60,-0.38963514,-0.27691770,0.87835132,472
N23A.BHZ.TA.--,40.8947,-105.9440,2458.00,-0.20824674,-0.72893082,0.65214504,866
109C.BHZ.TA.--,32.8889,-117.1051,150.00,-0.38335717,-0.74898119,0.54042989,448
K27K.BHZ.TA.--,64.0292,-142.0758,729.50,-0.34732259,-0.27061894,0.89784876,390
T25A.BHZ.TA.--,37.1388,-104.4108,2017.00,-0.19888130,-0.77398583,0.60115902,721
L26K.BHZ.TA.--,63.0254,-143.3478,645.50,-0.36586006,-0.27222918,0.88996499,2280
I26K.BHZ.TA.--,65.3064,-143.1541,336.00,-0.33618202,-0.25191657,0.90747986,457
N19K.BHZ.TA.--,60.8132,-154.4838,1142.20,-0.44235896,-0.21114795,0.87162784,206
P19K.BHZ.TA.--,59.6524,-153.2319,627.00,-0.45336902,-0.22869644,0.86148388,90
MSTX.BHZ.TA.--,33.9696,-102.7724,1167.00,-0.18373290,-0.81051036,0.55616111,2808
833A.BHZ.TA.--,28.3236,-99.3939,171.00,-0.14389765,-0.86978990,0.47197351,331
I21K.BHZ.TA.--,65.1800,-151.9822,246.00,-0.37263529,-0.19828222,0.90654680,401
O19K.BHZ.TA.--,60.1952,-154.3201,93.60,-0.45023009,-0.21648662,0.86627156,1688
SFIN.BHZ.TA.--,40.3790,-87.0967,165.00,0.03869326,-0.76294656,0.64530255,574
M24K.BHZ.TA.--,62.1067,-146.1750,905.50,-0.39069318,-0.26179323,0.88250957,749
K22A.BHZ.TA.--,42.6507,-106.5240,1686.00,-0.20983445,-0.70730114,0.67505156,1317
K20K.BHZ.TA.--,63.3569,-154.0700,546.00,-0.40546379,-0.19714506,0.89259898,378
L19K.BHZ.TA.--,62.1816,-154.8543,648.00,-0.42467605,-0.19934601,0.88312594,315
M31M.BHZ.TA.--,62.2024,-134.3906,637.00,-0.32795711,-0.33500871,0.88329683,761
RGM0.HHZ.TC.--,9.5902,-82.6074,17.00,0.12689293,-0.97801040,0.16551083,3358
MANEM.HHZ.TJ.--,37.5300,71.6600,2312.00,0.25015521,0.75463185,0.60659141,1199
GARM.HHZ.TJ.--,39.0000,70.3160,1305.00,0.26246531,0.73368269,0.62675487,783
SHAA.HHZ.TJ.--,37.5620,68.1228,868.00,0.29611079,0.73744657,0.60703456,346
IGRN.HHZ.TJ.--,38.2203,69.3266,1284.00,0.27807606,0.73694147,0.61610954,350
CHGR.HHZ.TJ.--,38.6569,69.1582,1049.00,0.27856496,0.73171891,0.62208440,395
SRIT.BHZ.TM.--,8.5955,99.6020,99.00,-0.16495367,0.97506178,0.14847493,1220
UBPT.BHZ.TM.--,15.2773,105.4695,120.00,-0.25741958,0.93014747,0.26184127,402
SRDT.BHZ.TM.--,14.3948,99.1213,202.00,-0.15361117,0.95675423,0.24703228,208
CRAI.BHZ.TM.--,20.2289,100.3734,357.00,-0.16909204,0.92372210,0.34372281,760
PHRA.BHZ.TM.--,18.4989,100.2293,187.00,-0.16852611,0.93388598,0.31536633,375
MHIT.BHZ.TM.--,19.3148,97.9632,270.00,-0.13083595,0.93530104,0.32877640,150
PBKT.BHZ.TM.--,16.5735,100.9688,780.00,-0.18246811,0.94145820,0.28348166,2294
KMNB.BHZ.TW.--,24.4638,118.3882,54.00,-0.43325737,0.80168732,0.41180759,171
TPUB.BHZ.TW.--,23.3005,120.6296,370.00,-0.46842517,0.79113062,0.39330676,537
SSLB.BHZ.TW.--,23.7876,120.9540,450.00,-0.47116806,0.78558329,0.40107301,589
YULB.BHZ.TW.--,23.3925,121.2971,340.00,-0.47728275,0.78508173,0.39477571,438
TWGB.BHZ.TW.--,22.8177,121.0799,195.00,-0.47631448,0.79022219,0.38558191,722
NACB.BHZ.TW.--,24.1738,121.5947,130.00,-0.47850233,0.77795568,0.40721060,523
YHNB.BHZ.TW.--,24.6695,121.3757,785.00,-0.47368157,0.77675558,0.41506210,471
FW03.HHZ.TX.00,33.0396,-98.0652,321.70,-0.11784751,-0.83166033,0.54263529,1433
FW07.HHZ.TX.00,32.7025,-97.7861,310.90,-0.11422421,-0.83536509,0.53769694,1075
FW06.HHZ.TX.00,32.9726,-97.5569,233.00,-0.11054852,-0.83330036,0.54165444,261
BUCK.BHZ.UO.--,44.1973,-122.9862,964.00,-0.39160768,-0.60334127,0.69471054,167
DBO.BHZ.UO.--,43.1190,-123.2439,984.00,-0.40141280,-0.61239729,0.68105603,105
PINE.BHZ.UO.--,43.7921,-120.9407,1916.00,-0.37233881,-0.62113209,0.68960767,286
OGNE.BHZ.US.00,40.9451,-102.0330,1054.00,-0.15792418,-0.74087635,0.65281099,406
JCT.BHZ.US.00,30.4794,-99.8022,591.00,-0.14697471,-0.85069808,0.50468922,834
CBKS.BHZ.US.00,38.8140,-99.7374,677.00,-0.13213397,-0.76998892,0.62422566,263
TZTN.BHZ.US.00,36.5439,-83.5490,394.00,0.09048007,-0.80021725,0.59284544,871
SDCO.BHZ.US.00,37.7456,-105.5012,2569.00,-0.21186375,-0.76389389,0.60957352,2491
OXF.BHZ.US.00,34.5118,-89.4092,101.00,0.00851488,-0.82574371,0.56398123,336
WMOK.BHZ.US.10,34.7379,-98.7807,486.00,-0.12571901,-0.81390874,0.56722772,1203
WUAZ.BHZ.US.00,35.5169,-111.3739,1592.00,-0.29731720,-0.75968254,0.57834671,422
SCIA.BHZ.US.00,41.9069,-93.2153,311.50,-0.04186786,-0.74529071,0.66542380,1403
AHID.BHZ.US.00,42.7654,-111.1004,1960.00,-0.26511309,-0.68704235,0.67652631,1029
ACSO.BHZ.US.00,40.2319,-82.9820,288.00,0.09353938,-0.75984361,0.64334134,713
WVOR.BHZ.US.00,42.4339,-118.6367,1344.00,-0.35480049,-0.64975952,0.67225678,1673
JFWS.BHZ.US.10,42.9142,-90.2481,335.00,-0.00318119,-0.73465305,0.67843553,289
ECSD.BHZ.US.10,43.7337,-96.6141,350.60,-0.08349349,-0.72006108,0.68886928,399
BLA.BHZ.US.00,37.2113,-80.4205,634.00,0.13286156,-0.78723673,0.60216787,1222
VBMS.BHZ.US.00,32.2185,-90.5177,16.00,-0.00765835,-0.84760231,0.53057674,1251
GLMI.BHZ.US.00,44.8245,-84.6175,387.00,0.06675511,-0.70850499,0.70254141,1189
BW06.BHZ.US.00,42.7667,-109.5583,2224.00,-0.24652262,-0.69391365,0.67654301,1359
HAWA.BHZ.US.00,46.3925,-119.5327,364.00,-0.34117479,-0.60222219,0.72175356,69
COWI.BHZ.US.00,46.1003,-89.1369,523.30,0.01048144,-0.69574399,0.71821336,477
LAO.BHZ.US.00,46.6885,-106.2231,902.00,-0.19232704,-0.66099918,0.72532089,829
ELK.BHZ.US.00,40.7448,-115.2388,2210.00,-0.32397093,-0.68726483,0.65016144,428
BINY.BHZ.US.00,42.1993,-75.9861,498.00,0.17993803,-0.72094687,0.66922188,220
KVTX.BHZ.US.00,27.5459,-97.8929,14.60,-0.12192994,-0.87950227,0.46000961,164
AMTX.BHZ.US.00,34.8837,-101.6808,1010.00,-0.16644537,-0.80509285,0.56931664,763
DUG.BHZ.US.00,40.1950,-112.8133,1477.00,-0.29699820,-0.70607195,0.64284871,702
NEW.BHZ.US.10,48.2642,-117.1227,760.00,-0.30462825,-0.59471467,0.74398662,223
BOZ.BHZ.US.00,45.5970,-111.6297,1589.00,-0.25880064,-0.65266814,0.71207200,1211
AGMN.BHZ.US.00,48.2977,-95.8619,351.00,-0.06819895,-0.66426733,0.74437747,1377
LONY.BHZ.US.00,44.6197,-74.5829,440.00,0.18985219,-0.68845141,0.69999343,251
PKME.BHZ.US.00,45.2644,-69.2917,108.50,0.24972957,-0.66060070,0.70798437,199
ISCO.BHZ.US.00,39.7997,-105.6134,2743.00,-0.20735067,-0.74197664,0.63755499,470
ERPA.BHZ.US.00,42.1175,-79.9891,306.30,0.12933653,-0.73268877,0.66816108,194
LBNH.BHZ.US.00,44.2401,-71.9259,367.00,0.22299619,-0.68330354,0.69524742,77
DGMT.BHZ.US.10,48.4702,-104.1959,646.00,-0.16320914,-0.64519038,0.74638606,638
MIAR.BHZ.US.00,34.5454,-93.5765,207.00,-0.05149301,-0.82384987,0.56446422,445
NLWA.BHZ.US.00,47.3917,-123.8691,640.00,-0.37865751,-0.56415881,0.73371884,6590
AAM.BHZ.US.00,42.3012,-83.6567,172.00,0.08196606,-0.73733012,0.67054147,447
CBN.BHZ.US.00,38.2046,-77.3732,70.00,0.17221918,-0.76877506,0.61589404,697
MCWV.BHZ.US.00,39.6581,-79.8456,280.00,0.13610047,-0.75988411,0.63565148,1451
NATX.BHZ.US.00,31.7598,-94.6610,168.00,-0.06922101,-0.84902791,0.52379391,187
MVCO.BHZ.US.00,37.1996,-108.4925,2169.90,-0.25326644,-0.75726258,0.60200457,360
CNNC.BHZ.US.00,35.2393,-77.8901,29.00,0.17172731,-0.80036157,0.57439629,3243
BRAL.BHZ.US.00,31.1687,-87.0506,61.00,0.04410571,-0.85605155,0.51500528,656
RLMT.BHZ.US.00,45.1221,-109.2673,2086.00,-0.23361761,-0.66832971,0.70622815,861
BMO.BHZ.US.00,44.8525,-117.3060,1154.00,-0.32630338,-0.63203880,0.70288908,1612
MSO.BHZ.US.00,46.8292,-113.9406,1264.00,-0.27862591,-0.62755417,0.72700988,271
HWUT.BHZ.US.00,41.6069,-111.5652,1830.00,-0.27564665,-0.69744131,0.66150929,621
MNTX.BHZ.US.00,31.6985,-105.3821,404.80,-0.22610414,-0.82186872,0.52288499,557
WRAK.BHZ.US.10,56.4191,-132.3466,80.90,-0.37433005,-0.41071179,0.83138008,805
HLID.BHZ.US.00,43.5625,-114.4138,1772.00,-0.30046157,-0.66194003,0.68670098,624
EGAK.BHZ.US.00,64.7774,-141.1581,296.60,-0.33374392,-0.26873907,0.90354541,1262
LKWY.BHZ.US.00,44.5652,-110.4000,2424.00,-0.24916443,-0.66998296,0.69931389,1194
EGMT.BHZ.US.00,48.0240,-109.7547,1055.00,-0.22689865,-0.63180213,0.74117681,1417
LRAL.BHZ.US.00,33.0399,-86.9978,130.00,0.04399262,-0.83881298,0.54263932,479
EYMN.BHZ.US.10,47.9462,-91.4953,475.00,-0.01754406,-0.67208740,0.74026396,126
HDIL.BHZ.US.00,40.5559,-89.2940,219.40,0.00938832,-0.76187543,0.64765553,352
LCMT.HHZ.UU.01,37.0118,-113.2439,1411.00,-0.31589738,-0.73548695,0.59938952,1402
KNB.HHZ.UU.01,37.0166,-112.8220,1715.00,-0.31045363,-0.73774691,0.59945645,679
JLU.HHZ.UU.01,40.6020,-111.4500,2285.00,-0.27843987,-0.70867557,0.64826706,394
TCRU.HHZ.UU.01,38.6095,-112.4472,2293.00,-0.29915145,-0.72410215,0.62143744,12899
PSUT.HHZ.UU.01,38.5337,-113.8547,1999.00,-0.31717905,-0.71728574,0.62040198,792
RDMU.HHZ.UU.01,40.5708,-109.5695,2087.00,-0.25515322,-0.71776232,0.64785344,2746
SRU.HHZ.UU.01,39.1108,-110.5238,1804.00,-0.27276594,-0.72862168,0.62825885,743
TMU.HHZ.UU.01,39.2965,-111.2082,2731.00,-0.28071196,-0.72341267,0.63077325,1648
SZCU.HHZ.UU.01,37.5954,-113.0875,2026.00,-0.31148262,-0.73070247,0.60749690,2151
CCUT.HHZ.UU.01,37.5506,-113.3627,2127.00,-0.31517662,-0.72963303,0.60687671,585
PNSU.HHZ.UU.01,39.6279,-110.2457,2743.00,-0.26725552,-0.72459525,0.63524501,942
CTU.HHZ.UU.01,40.6925,-111.7503,1731.00,-0.28177186,-0.70625456,0.64946833,136
TCU.HHZ.UU.01,41.1173,-111.4078,2269.00,-0.27578145,-0.70342797,0.65508296,1501
BGU.HHZ.UU.01,40.9208,-113.0298,1640.00,-0.29645802,-0.69740159,0.65249036,362
MPU.HHZ.UU.01,40.0155,-111.6333,1909.00,-0.28313537,-0.71390470,0.64044862,233
MSU.EHZ.UU.01,38.5123,-112.1772,2105.00,-0.29613231,-0.72647740,0.62010987,497
NLU.HHZ.UU.01,39.9548,-112.0750,2036.00,-0.28888451,-0.71232824,0.63963601,275
BRPU.HHZ.UU.01,39.4730,-110.7400,1687.00,-0.27410309,-0.72386404,0.63315745,1082
VRUT.HHZ.UU.01,37.4618,-113.8569,1874.00,-0.32183757,-0.72774521,0.60564634,797
HVU.HHZ.UU.01,41.7797,-112.7750,1609.00,-0.28953770,-0.68962513,0.66376584,507
CVRU.HHZ.UU.01,38.9176,-111.1716,1912.00,-0.28174848,-0.72746023,0.62563520,675
PKCU.HHZ.UU.01,37.4439,-112.3110,2834.00,-0.30215917,-0.73633750,0.60539816,337
MTPU.HHZ.UU.01,38.0415,-112.1843,3112.00,-0.29813376,-0.73112709,0.61365253,1501
TUCA.HHZ.UW.--,46.5139,-118.1455,304.00,-0.32577336,-0.60895490,0.72321895,107
FORK.BHZ.UW.--,47.9475,-124.5662,48.00,-0.38143456,-0.55361931,0.74027922,137
LRIV.BHZ.UW.--,48.0575,-123.5040,293.80,-0.37032038,-0.55940821,0.74156946,59
DDRF.HHZ.UW.--,46.4911,-119.0595,233.00,-0.33558554,-0.60393240,0.72294398,47
IZEE.HHZ.UW.--,44.0820,-119.5042,1293.00,-0.35492864,-0.62722696,0.69326186,591
PHIN.HHZ.UW.--,45.8951,-119.9278,227.00,-0.34843318,-0.60526410,0.71571620,177
HOOD.BHZ.UW.--,45.3223,-121.6509,1512.00,-0.37021274,-0.60057537,0.70869722,231
KENT.HHZ.UW.--,45.2357,-120.6351,780.00,-0.36005235,-0.60796494,0.70763051,104
UMAT.HHZ.UW.--,45.2904,-118.9595,1318.00,-0.34179388,-0.61764171,0.70830478,126
TREE.HHZ.UW.--,42.7258,-120.8934,1887.00,-0.37834832,-0.63233927,0.67601746,2029
LTY.BHZ.UW.--,47.2545,-120.6664,807.00,-0.34744247,-0.58594321,0.73208899,1421
STOR.HHZ.UW.--,47.1881,-121.9888,266.40,-0.36132234,-0.57848822,0.73129853,126
LEBA.HHZ.UW.--,46.5459,-123.5632,72.80,-0.38158963,-0.57513965,0.72360469,343
OMAK.BHZ.UW.--,48.3584,-119.3332,696.00,-0.32674015,-0.58145437,0.74508502,59
FISH.HHZ.UW.--,45.9306,-123.5591,324.60,-0.38582321,-0.58161092,0.71614887,530
YACT.HHZ.UW.--,45.9325,-122.4193,211.20,-0.37416475,-0.58915056,0.71617201,166
HEBO.BHZ.UW.--,45.2135,-123.7554,875.00,-0.39276389,-0.58769300,0.70735667,226
DAVN.BHZ.UW.--,47.8006,-118.2741,495.00,-0.31936027,-0.59375922,0.73855196,373
JEDS.BHZ.UW.--,43.7516,-124.0490,148.00,-0.40574492,-0.60043217,0.68909526,46
BRAN.BHZ.UW.--,45.9734,-117.2277,1136.00,-0.31908556,-0.62013573,0.71667014,598
RADR.BHZ.UW.--,46.4218,-123.7990,568.00,-0.38482424,-0.57486594,0.72210765,179
BLOW.HHZ.UW.--,44.6837,-122.1862,652.00,-0.37999096,-0.60373784,0.70079062,369
WISH.BHZ.UW.--,47.1170,-123.7712,45.00,-0.37964501,-0.56772449,0.73045093,178
IRON.HHZ.UW.--,43.3580,-118.4743,1229.00,-0.34774508,-0.64115241,0.68410303,644
WOLL.HHZ.UW.--,47.0573,-118.9210,385.00,-0.33065210,-0.59845672,0.72973882,86
LON.BHZ.UW.--,46.7506,-121.8096,853.00,-0.36244541,-0.58434597,0.72606688,369
BAUV.BHZ.VE.--,8.9433,-68.0415,106.00,0.36944870,-0.91632795,0.15443684,232
ZON.HHZ.WA.--,-31.5456,-68.6843,772.60,0.31035927,-0.79538501,-0.52061483,954
ILAM.BHZ.WI.00,14.7745,-60.8753,34.00,0.47082505,-0.84504818,0.25341142,15
SAM.BHZ.WI.00,14.8417,-61.1678,510.00,0.46636170,-0.84718170,0.25453868,47
ABD.BHZ.WI.00,16.4744,-61.4881,12.00,0.45799211,-0.84309785,0.28183193,310
MPOM.BHZ.WI.00,14.4470,-60.8588,50.00,0.47176200,-0.84615662,0.24791047,22
DHS.BHZ.WI.00,16.2727,-61.7651,618.00,0.45437440,-0.84616630,0.27847172,52
CBE.BHZ.WI.00,16.0678,-61.6106,380.00,0.45712248,-0.84580360,0.27505512,77
DSD.BHZ.WI.00,16.3128,-61.0660,272.00,0.46457017,-0.84039008,0.27913986,19
BIM.BHZ.WI.00,14.5180,-61.0660,391.00,0.46855084,-0.84758920,0.24910371,30
MAGL.BHZ.WI.00,15.9494,-61.2822,159.00,0.46223275,-0.84366411,0.27307828,85
MAHO.BHZ.WM.--,39.8959,4.2665,-15.00,0.76720264,0.05723517,0.63884602,17
SFS.BHZ.WM.--,36.4656,-6.2055,16.00,0.80140067,-0.08713781,0.59174654,11
AVE.BHZ.WM.--,33.2981,-7.4133,230.00,0.83051800,-0.10806150,0.54640878,101
CART.BHZ.WM.--,37.5868,-1.0012,60.00,0.79429178,-0.01388106,0.60737787,33
MEDO.HHZ.WU.--,43.1646,-78.4546,190.50,0.14644335,-0.71688462,0.68163831,100
DELO.HHZ.WU.--,44.5177,-77.6186,213.00,0.15339384,-0.69875553,0.69872100,361
YNR.HHZ.WY.01,44.7155,-110.6792,2336.00,-0.25177730,-0.66704259,0.70118641,301
YMP.HHZ.WY.01,44.7402,-110.1560,2774.00,-0.24557205,-0.66903028,0.70149331,635
YNM.HHZ.WY.01,44.7265,-110.7037,2311.00,-0.25201526,-0.66680881,0.70132327,1642
KE02.EHZ.XU.--,40.3598,-104.4394,1386.00,-0.19054357,-0.74000525,0.64504680,1381
GRRO.EHZ.XU.--,40.4654,-104.6009,1430.00,-0.19232898,-0.73831477,0.64645253,2076
PV01.EHZ.XU.--,40.2040,-104.7060,1518.00,-0.19442883,-0.74080256,0.64296889,591
LS01.EHZ.XU.--,40.2856,-104.6935,1474.00,-0.19403501,-0.73995946,0.64405778,2354
BR02.EHZ.XU.--,40.6260,-104.1259,1576.00,-0.18575909,-0.73812561,0.64858627,458
GRWE.EHZ.XU.00,40.4459,-104.6170,1421.00,-0.19259188,-0.73847331,0.64619311,1031
UNM5.HHZ.YX.--,37.1220,-104.7829,2035.00,-0.20394861,-0.77284840,0.60092455,2597
UNM2.HHZ.YX.--,36.8021,-104.8636,2166.00,-0.20589280,-0.77578512,0.59646090,2586
